-- phpMyAdmin SQL Dump
-- version 4.8.3
-- https://www.phpmyadmin.net/
--
-- Host: localhost:3306
-- Generation Time: Feb 11, 2019 at 09:15 AM
-- Server version: 10.2.21-MariaDB
-- PHP Version: 7.2.7

SET SQL_MODE = "NO_AUTO_VALUE_ON_ZERO";
SET AUTOCOMMIT = 0;
START TRANSACTION;
SET time_zone = "+00:00";


/*!40101 SET @OLD_CHARACTER_SET_CLIENT=@@CHARACTER_SET_CLIENT */;
/*!40101 SET @OLD_CHARACTER_SET_RESULTS=@@CHARACTER_SET_RESULTS */;
/*!40101 SET @OLD_COLLATION_CONNECTION=@@COLLATION_CONNECTION */;
/*!40101 SET NAMES utf8mb4 */;

--
-- Database: `gtik8869_trackingArma`
--

DELIMITER $$
--
-- Functions
--
CREATE DEFINER=`gtik8869`@`localhost` FUNCTION `TOTAL_WEEKDAYS` (`date1` DATE, `date2` DATE) RETURNS INT(11) RETURN ABS(DATEDIFF(date2, date1)) + 1
     - ABS(DATEDIFF(ADDDATE(date2, INTERVAL 1 - DAYOFWEEK(date2) DAY),
                    ADDDATE(date1, INTERVAL 1 - DAYOFWEEK(date1) DAY))) / 7 * 2
     - (DAYOFWEEK(IF(date1 < date2, date1, date2)) = 1)
     - (DAYOFWEEK(IF(date1 > date2, date1, date2)) = 7)$$

DELIMITER ;

-- --------------------------------------------------------

--
-- Table structure for table `audit_grading`
--

CREATE TABLE `audit_grading` (
  `idaudit_grading` int(11) NOT NULL,
  `audit_gradingcol` varchar(45) DEFAULT NULL,
  `color_index` varchar(45) DEFAULT NULL
) ENGINE=InnoDB DEFAULT CHARSET=latin1;

--
-- Dumping data for table `audit_grading`
--

INSERT INTO `audit_grading` (`idaudit_grading`, `audit_gradingcol`, `color_index`) VALUES
(1, 'Effective', 'Dark Green'),
(2, 'Moderately Effective', 'Green'),
(3, 'Improvement Needed', 'Yellow'),
(4, 'Significant Improvement Needed', 'Orange'),
(5, 'Weak', 'Red'),
(6, NULL, NULL);

-- --------------------------------------------------------

--
-- Table structure for table `departemen`
--

CREATE TABLE `departemen` (
  `iddepartemen` int(11) NOT NULL,
  `unitcol` varchar(45) DEFAULT NULL
) ENGINE=InnoDB DEFAULT CHARSET=latin1;

--
-- Dumping data for table `departemen`
--

INSERT INTO `departemen` (`iddepartemen`, `unitcol`) VALUES
(1, 'Corporate & Trading Department'),
(2, 'Affco Audit 1 Department'),
(3, 'Affco Audit 2 Department'),
(4, 'IT Audit Department'),
(5, 'Risk Advisory Department'),
(6, 'ARMA');

-- --------------------------------------------------------

--
-- Table structure for table `group_civitas`
--

CREATE TABLE `group_civitas` (
  `idgroup_civitas` int(11) NOT NULL,
  `group_civitascol` varchar(45) DEFAULT NULL
) ENGINE=InnoDB DEFAULT CHARSET=latin1;

--
-- Dumping data for table `group_civitas`
--

INSERT INTO `group_civitas` (`idgroup_civitas`, `group_civitascol`) VALUES
(1, 'Manufacture'),
(2, 'Trading'),
(3, 'Corporate');

-- --------------------------------------------------------

--
-- Table structure for table `jabatan`
--

CREATE TABLE `jabatan` (
  `idjabatan` int(11) NOT NULL,
  `jabatancol` varchar(45) DEFAULT NULL
) ENGINE=InnoDB DEFAULT CHARSET=latin1;

--
-- Dumping data for table `jabatan`
--

INSERT INTO `jabatan` (`idjabatan`, `jabatancol`) VALUES
(1, 'Chief'),
(2, 'Department Head'),
(3, 'Staff'),
(4, 'Trainee');

-- --------------------------------------------------------

--
-- Table structure for table `master_activity`
--

CREATE TABLE `master_activity` (
  `idactivity` tinyint(4) NOT NULL,
  `activitycol` varchar(45) DEFAULT NULL,
  `inisial_jenis` varchar(45) DEFAULT NULL
) ENGINE=InnoDB DEFAULT CHARSET=latin1;

--
-- Dumping data for table `master_activity`
--

INSERT INTO `master_activity` (`idactivity`, `activitycol`, `inisial_jenis`) VALUES
(1, 'Assurance', 'ASS'),
(2, 'Risk Assessment', 'RAS'),
(3, 'Advisory', 'ADV'),
(4, 'Others', 'OTH');

-- --------------------------------------------------------

--
-- Table structure for table `master_civitas`
--

CREATE TABLE `master_civitas` (
  `idcivitas` int(11) NOT NULL,
  `civitascol` varchar(45) DEFAULT NULL,
  `inisial_` varchar(45) DEFAULT NULL,
  `lokasi` varchar(70) NOT NULL,
  `group_civitas_idgroup_civitas` int(11) NOT NULL,
  `controller` varchar(45) DEFAULT NULL,
  `email` varchar(45) DEFAULT NULL,
  `nohp_controller` varchar(45) DEFAULT NULL,
  `risk_champion` varchar(45) DEFAULT NULL,
  `email_risk_champion` varchar(45) DEFAULT NULL,
  `dic` varchar(45) DEFAULT NULL,
  `nohp_riskchampion` varchar(45) DEFAULT NULL,
  `email_dic` varchar(45) DEFAULT NULL,
  `eic` varchar(45) DEFAULT NULL,
  `email_eic` varchar(45) DEFAULT NULL
) ENGINE=InnoDB DEFAULT CHARSET=latin1;

--
-- Dumping data for table `master_civitas`
--

INSERT INTO `master_civitas` (`idcivitas`, `civitascol`, `inisial_`, `lokasi`, `group_civitas_idgroup_civitas`, `controller`, `email`, `nohp_controller`, `risk_champion`, `email_risk_champion`, `dic`, `nohp_riskchampion`, `email_dic`, `eic`, `email_eic`) VALUES
(1, 'PT Astra Otoparts - Corporate', 'Corporate', 'Jakarta', 3, NULL, NULL, NULL, NULL, NULL, NULL, NULL, NULL, NULL, NULL),
(2, 'PT AOP Divisi  Domestik', 'Dom', 'Jakarta', 2, NULL, NULL, NULL, NULL, NULL, NULL, NULL, NULL, NULL, NULL),
(3, 'PT AOP Divisi Nusa Metal', 'NM', 'Jakarta', 1, NULL, NULL, NULL, NULL, NULL, NULL, NULL, NULL, NULL, NULL),
(4, 'PT AOP Divisi Adiwira Plastik', 'AWP', '', 1, NULL, NULL, NULL, NULL, NULL, NULL, NULL, NULL, NULL, NULL),
(5, 'PT AOP Divisi Winteq', 'Winteq', '', 1, NULL, NULL, NULL, NULL, NULL, NULL, NULL, NULL, NULL, NULL),
(6, 'PT AOP Divisi  Internasional ', 'INT', '', 2, NULL, NULL, NULL, NULL, NULL, NULL, NULL, NULL, NULL, NULL),
(7, 'PT AOP Divisi Retail', 'Retail', '', 2, NULL, NULL, NULL, NULL, NULL, NULL, NULL, NULL, NULL, NULL),
(8, 'PT AOP Divisi EDC', 'EDC', '', 1, NULL, NULL, NULL, NULL, NULL, NULL, NULL, NULL, NULL, NULL),
(9, 'PT FSCM Manufacturing Indonesia', 'FSCM', '', 1, NULL, NULL, NULL, NULL, NULL, NULL, NULL, NULL, NULL, NULL),
(10, 'PT Menara Terus Makmur', 'MTM', '', 1, NULL, NULL, NULL, NULL, NULL, NULL, NULL, NULL, NULL, NULL),
(11, 'PT Senantiasa Makmur', 'SM', '', 2, NULL, NULL, NULL, NULL, NULL, NULL, NULL, NULL, NULL, NULL),
(12, 'PT Ardendi Jaya Sentosa', 'AJS', '', 2, NULL, NULL, NULL, NULL, NULL, NULL, NULL, NULL, NULL, NULL),
(13, 'PT Astra Komponen Indonesia', 'ASKI', '', 1, NULL, NULL, NULL, NULL, NULL, NULL, NULL, NULL, NULL, NULL),
(14, 'PT Autoplastik Indonesia ', 'API', '', 1, NULL, NULL, NULL, NULL, NULL, NULL, NULL, NULL, NULL, NULL),
(15, 'PT Velasto Indonesia', 'VI', '', 1, NULL, NULL, NULL, NULL, NULL, NULL, NULL, NULL, NULL, NULL),
(16, 'PT Indokarlo Perkasa', 'IKP', '', 1, NULL, NULL, NULL, NULL, NULL, NULL, NULL, NULL, NULL, NULL),
(17, 'PT Century Batteries Indonesia', 'CBI', '', 1, NULL, NULL, NULL, NULL, NULL, NULL, NULL, NULL, NULL, NULL),
(18, 'PT Astra Daido Steel Indonesia', 'ADASI', '', 1, NULL, NULL, NULL, NULL, NULL, NULL, NULL, NULL, NULL, NULL),
(19, 'PT Federal Izumi Manufacturing', 'FIM', '', 1, NULL, NULL, NULL, NULL, NULL, NULL, NULL, NULL, NULL, NULL),
(20, 'PT Nusa Keihin Indonesia', 'NKI', '', 1, NULL, NULL, NULL, NULL, NULL, NULL, NULL, NULL, NULL, NULL),
(21, 'PT Pako Akuina', 'Pako', '', 1, NULL, NULL, NULL, NULL, NULL, NULL, NULL, NULL, NULL, NULL),
(22, 'PT Gemala Kempa Daya', 'GKD', '', 1, NULL, NULL, NULL, NULL, NULL, NULL, NULL, NULL, NULL, NULL),
(23, 'PT GS Battery', 'GS', '', 1, NULL, NULL, NULL, NULL, NULL, NULL, NULL, NULL, NULL, NULL),
(24, 'PT Kayaba Indonesia', 'Kayaba Indo', '', 1, NULL, NULL, NULL, NULL, NULL, NULL, NULL, NULL, NULL, NULL),
(25, 'PT Astra Nippon Gasket Indonesia', 'ANGI', '', 1, NULL, NULL, NULL, NULL, NULL, NULL, NULL, NULL, NULL, NULL),
(26, 'PT Astra Akebono Brake Indonesia', 'Akebono', '', 1, NULL, NULL, NULL, NULL, NULL, NULL, NULL, NULL, NULL, NULL),
(27, 'PT Astra Visteon Indonesia', 'AVI', '', 1, NULL, NULL, NULL, NULL, NULL, NULL, NULL, NULL, NULL, NULL),
(28, 'PT Astra Juoku Indonesia', 'AJI', '', 1, NULL, NULL, NULL, NULL, NULL, NULL, NULL, NULL, NULL, NULL),
(29, 'PT Evoluzione Tyres', 'Evoty', '', 1, NULL, NULL, NULL, NULL, NULL, NULL, NULL, NULL, NULL, NULL),
(30, 'PT Wahana Eka Paramitra', 'WEP', '', 1, NULL, NULL, NULL, NULL, NULL, NULL, NULL, NULL, NULL, NULL),
(31, 'PT Inti Ganda Perdana', 'IGP', '', 1, NULL, NULL, NULL, NULL, NULL, NULL, NULL, NULL, NULL, NULL),
(32, 'PT AT Indonesia', 'ATI', '', 1, NULL, NULL, NULL, NULL, NULL, NULL, NULL, NULL, NULL, NULL),
(33, 'PT Federal Nittan Industries', 'FNI', '', 1, NULL, NULL, NULL, NULL, NULL, NULL, NULL, NULL, NULL, NULL),
(34, 'PT Aisin Indonesia', 'Aisin', '', 1, NULL, NULL, NULL, NULL, NULL, NULL, NULL, NULL, NULL, NULL),
(35, 'PT Denso Indonesia', 'Denso', '', 1, NULL, NULL, NULL, NULL, NULL, NULL, NULL, NULL, NULL, NULL),
(36, 'PT DIC Astra Chemicals', 'DIC', '', 1, NULL, NULL, NULL, NULL, NULL, NULL, NULL, NULL, NULL, NULL),
(37, 'PT Akebono Brake Astra Vietnam', 'Akebono Vietnam', '', 1, NULL, NULL, NULL, NULL, NULL, NULL, NULL, NULL, NULL, NULL),
(38, 'PT Toyoda Gosei - Safety System Ind.', 'Toyoda', '', 1, NULL, NULL, NULL, NULL, NULL, NULL, NULL, NULL, NULL, NULL),
(39, 'PT TD Automotive Compressor Indonesia', 'TDACI', '', 1, NULL, NULL, NULL, NULL, NULL, NULL, NULL, NULL, NULL, NULL),
(40, 'PT MetalArt Astra Indonesia', 'MAI', '', 1, NULL, NULL, NULL, NULL, NULL, NULL, NULL, NULL, NULL, NULL),
(41, 'PT SKF Indonesia (d/h Logam Sari Bearindo)', 'SKF', '', 1, NULL, NULL, NULL, NULL, NULL, NULL, NULL, NULL, NULL, NULL),
(42, 'PT Bridgestone Astra Indonesia', 'Bridgestone', '', 1, NULL, NULL, NULL, NULL, NULL, NULL, NULL, NULL, NULL, NULL),
(43, 'RDC Surabaya', '', 'Surabaya', 2, NULL, NULL, NULL, NULL, NULL, NULL, NULL, NULL, NULL, NULL),
(44, 'CDC Jakarta', '', 'Jakarta', 2, NULL, NULL, NULL, NULL, NULL, NULL, NULL, NULL, NULL, NULL),
(45, 'Depo Denpasar', '', 'Denpasar', 2, NULL, NULL, NULL, NULL, NULL, NULL, NULL, NULL, NULL, NULL),
(46, 'Depo Serang ', '', 'Serang', 2, NULL, NULL, NULL, NULL, NULL, NULL, NULL, NULL, NULL, NULL),
(47, 'Depo Bandung', '', 'Bandung', 2, NULL, NULL, NULL, NULL, NULL, NULL, NULL, NULL, NULL, NULL),
(48, 'Depo Semarang', '', 'Semarang', 2, NULL, NULL, NULL, NULL, NULL, NULL, NULL, NULL, NULL, NULL),
(49, 'Depo Jember', '', 'Jember', 2, NULL, NULL, NULL, NULL, NULL, NULL, NULL, NULL, NULL, NULL),
(50, 'Depo Purwokerto', '', 'Purwokerto', 2, NULL, NULL, NULL, NULL, NULL, NULL, NULL, NULL, NULL, NULL),
(51, 'Depo Manado', '', 'Manado', 2, NULL, NULL, NULL, NULL, NULL, NULL, NULL, NULL, NULL, NULL),
(52, 'SO-06 Bekasi', '', 'Bekasi', 2, NULL, NULL, NULL, NULL, NULL, NULL, NULL, NULL, NULL, NULL),
(53, 'SO-15 Surabaya-Timur', '', 'Surabaya-Timur', 2, NULL, NULL, NULL, NULL, NULL, NULL, NULL, NULL, NULL, NULL),
(54, 'SO-05 Pusat barat', '', 'Pusat barat', 2, NULL, NULL, NULL, NULL, NULL, NULL, NULL, NULL, NULL, NULL),
(55, 'SO-02 Utara Timur', '', 'Utara Timur', 2, NULL, NULL, NULL, NULL, NULL, NULL, NULL, NULL, NULL, NULL),
(56, 'SO-04 Selatan', '', 'Selatan', 2, NULL, NULL, NULL, NULL, NULL, NULL, NULL, NULL, NULL, NULL),
(57, 'SO-22 Semarang Barat', '', 'Semarang Barat', 2, NULL, NULL, NULL, NULL, NULL, NULL, NULL, NULL, NULL, NULL),
(58, 'SO-07 Bogor', '', 'Bogor', 2, NULL, NULL, NULL, NULL, NULL, NULL, NULL, NULL, NULL, NULL),
(59, 'SO-08 Bandung', '', 'Bandung', 2, NULL, NULL, NULL, NULL, NULL, NULL, NULL, NULL, NULL, NULL),
(60, 'SO-01 Serang', '', 'Serang', 2, NULL, NULL, NULL, NULL, NULL, NULL, NULL, NULL, NULL, NULL),
(61, 'SO-13 Solo', '', 'Solo', 2, NULL, NULL, NULL, NULL, NULL, NULL, NULL, NULL, NULL, NULL),
(62, 'SO-20 Denpasar', '', 'Denpasar', 2, NULL, NULL, NULL, NULL, NULL, NULL, NULL, NULL, NULL, NULL),
(63, 'SO-14 Purwokerto', '', 'Purwokerto', 2, NULL, NULL, NULL, NULL, NULL, NULL, NULL, NULL, NULL, NULL),
(64, 'SO-18 Madiun', '', 'Madiun', 2, NULL, NULL, NULL, NULL, NULL, NULL, NULL, NULL, NULL, NULL),
(65, 'SO-03 Serpong', '', 'Serpong', 2, NULL, NULL, NULL, NULL, NULL, NULL, NULL, NULL, NULL, NULL),
(66, 'SO-17 Kediri', '', 'Kediri', 2, NULL, NULL, NULL, NULL, NULL, NULL, NULL, NULL, NULL, NULL),
(67, 'SO-12 Jogya', '', 'Jogya', 2, NULL, NULL, NULL, NULL, NULL, NULL, NULL, NULL, NULL, NULL),
(68, 'SO-19 Jember', '', 'Jember', 2, NULL, NULL, NULL, NULL, NULL, NULL, NULL, NULL, NULL, NULL),
(69, 'SO-09 Tasik', '', 'Tasik', 2, NULL, NULL, NULL, NULL, NULL, NULL, NULL, NULL, NULL, NULL),
(70, 'SO-16 Malang', '', 'Malang', 2, NULL, NULL, NULL, NULL, NULL, NULL, NULL, NULL, NULL, NULL),
(71, 'SO-10 Cirebon', '', 'Cirebon', 2, NULL, NULL, NULL, NULL, NULL, NULL, NULL, NULL, NULL, NULL),
(72, 'SO-21 Surabaya-Barat', '', 'Surabaya-Barat', 2, NULL, NULL, NULL, NULL, NULL, NULL, NULL, NULL, NULL, NULL),
(73, 'SO-11 Semarang Timur', '', 'Semarang Timur', 2, NULL, NULL, NULL, NULL, NULL, NULL, NULL, NULL, NULL, NULL),
(74, 'SO-24 Cikampek', '', 'Cikampek', 2, NULL, NULL, NULL, NULL, NULL, NULL, NULL, NULL, NULL, NULL),
(75, 'SO-30 Manado', '', 'Manado', 2, NULL, NULL, NULL, NULL, NULL, NULL, NULL, NULL, NULL, NULL),
(76, 'SO-31 GORONTALO', '', 'GORONTALO', 2, NULL, NULL, NULL, NULL, NULL, NULL, NULL, NULL, NULL, NULL),
(77, 'S&D (53) FATMAWATI', '', 'FATMAWATI', 2, NULL, NULL, NULL, NULL, NULL, NULL, NULL, NULL, NULL, NULL),
(78, 'S&D (184) CIBUBUR', '', 'CIBUBUR', 2, NULL, NULL, NULL, NULL, NULL, NULL, NULL, NULL, NULL, NULL),
(79, 'S&D (232) BENHIL', '', 'BENHIL', 2, NULL, NULL, NULL, NULL, NULL, NULL, NULL, NULL, NULL, NULL),
(80, 'S&D (192) TJG DUREN', '', 'TJG DUREN', 2, NULL, NULL, NULL, NULL, NULL, NULL, NULL, NULL, NULL, NULL),
(81, 'S&D (285) AMPERA, JAKSEL', '', 'AMPERA, JAKSEL', 2, NULL, NULL, NULL, NULL, NULL, NULL, NULL, NULL, NULL, NULL),
(82, 'S&D (517) KLP-GDG 1', '', 'KLP-GDG 1', 2, NULL, NULL, NULL, NULL, NULL, NULL, NULL, NULL, NULL, NULL),
(83, 'S&D (183) GATSU DPS', '', 'GATSU DPS', 2, NULL, NULL, NULL, NULL, NULL, NULL, NULL, NULL, NULL, NULL),
(84, 'S&D (199) TEBET', '', 'TEBET', 2, NULL, NULL, NULL, NULL, NULL, NULL, NULL, NULL, NULL, NULL),
(85, 'S&D (241) CEMPAKA PUTIH', '', 'CEMPAKA PUTIH', 2, NULL, NULL, NULL, NULL, NULL, NULL, NULL, NULL, NULL, NULL),
(86, 'S&D (3) SUNTER1', '', 'SUNTER1', 2, NULL, NULL, NULL, NULL, NULL, NULL, NULL, NULL, NULL, NULL),
(87, 'S&D (200) NGINDEN, SURABAYA', '', 'NGINDEN, SURABAYA', 2, NULL, NULL, NULL, NULL, NULL, NULL, NULL, NULL, NULL, NULL),
(88, 'S&D (289) PLUIT', '', 'PLUIT', 2, NULL, NULL, NULL, NULL, NULL, NULL, NULL, NULL, NULL, NULL),
(89, 'S&D (421) Soeta, Malang', '', 'Soeta, Malang', 2, NULL, NULL, NULL, NULL, NULL, NULL, NULL, NULL, NULL, NULL),
(90, 'S&D (197) KATAMSO, YOGYAKARTA', '', 'KATAMSO, YOGYAKARTA', 2, NULL, NULL, NULL, NULL, NULL, NULL, NULL, NULL, NULL, NULL),
(91, 'S&D (59) P KELAPA', '', 'P KELAPA', 2, NULL, NULL, NULL, NULL, NULL, NULL, NULL, NULL, NULL, NULL),
(92, 'S&D (191) GARUDA', '', 'GARUDA', 2, NULL, NULL, NULL, NULL, NULL, NULL, NULL, NULL, NULL, NULL),
(93, 'S&D (243) PAJAJARAN BOGOR', '', 'PAJAJARAN BOGOR', 2, NULL, NULL, NULL, NULL, NULL, NULL, NULL, NULL, NULL, NULL),
(94, 'S&D (252) CIBEBER, CILEGON', '', 'CIBEBER, CILEGON', 2, NULL, NULL, NULL, NULL, NULL, NULL, NULL, NULL, NULL, NULL),
(95, 'S&D (24) SUKASARI BOGOR', '', 'SUKASARI BOGOR', 2, NULL, NULL, NULL, NULL, NULL, NULL, NULL, NULL, NULL, NULL),
(96, 'S&D (89) SUNTER 2 (SUNTER AGUNG)', '', 'SUNTER 2 (SUNTER AGUNG)', 2, NULL, NULL, NULL, NULL, NULL, NULL, NULL, NULL, NULL, NULL),
(97, 'S&D (263) WAHIDIN, SEMARANG', '', 'WAHIDIN, SEMARANG', 2, NULL, NULL, NULL, NULL, NULL, NULL, NULL, NULL, NULL, NULL),
(98, 'S&D (216) MH THAMRIN, SEMARANG', '', 'MH THAMRIN, SEMARANG', 2, NULL, NULL, NULL, NULL, NULL, NULL, NULL, NULL, NULL, NULL),
(99, 'S&D (272) ANTASARI, LAMPUNG', '', 'ANTASARI, LAMPUNG', 2, NULL, NULL, NULL, NULL, NULL, NULL, NULL, NULL, NULL, NULL),
(100, 'S&D (278) DEWI SARTIKA', '', 'DEWI SARTIKA', 2, NULL, NULL, NULL, NULL, NULL, NULL, NULL, NULL, NULL, NULL),
(101, 'S&D (442) Cipondoh Baru, Tangerang', '', 'Cipondoh Baru, Tangerang', 2, NULL, NULL, NULL, NULL, NULL, NULL, NULL, NULL, NULL, NULL),
(102, 'S&D (221) KOPO BARU, BANDUNG', '', 'KOPO BARU, BANDUNG', 2, NULL, NULL, NULL, NULL, NULL, NULL, NULL, NULL, NULL, NULL),
(103, 'S&D (222) NGALIYAN, SEMARANG', '', 'NGALIYAN, SEMARANG', 2, NULL, NULL, NULL, NULL, NULL, NULL, NULL, NULL, NULL, NULL),
(104, 'S&D (223) IMAM BONJOL, BALI', '', 'IMAM BONJOL, BALI', 2, NULL, NULL, NULL, NULL, NULL, NULL, NULL, NULL, NULL, NULL),
(105, 'S&D (201) TROPODO, SURABAYA', '', 'TROPODO, SURABAYA', 2, NULL, NULL, NULL, NULL, NULL, NULL, NULL, NULL, NULL, NULL),
(106, 'S&D (280) KENTEN, PALEMBANG', '', 'KENTEN, PALEMBANG', 2, NULL, NULL, NULL, NULL, NULL, NULL, NULL, NULL, NULL, NULL),
(107, 'S&D (315) GAJAH MADA PONTIANAK', '', 'GAJAH MADA PONTIANAK', 2, NULL, NULL, NULL, NULL, NULL, NULL, NULL, NULL, NULL, NULL),
(108, 'S&D (231) SETIABUDI, BANDUNG', '', 'SETIABUDI, BANDUNG', 2, NULL, NULL, NULL, NULL, NULL, NULL, NULL, NULL, NULL, NULL),
(109, 'S&D (347) A YANI CILEGON', '', 'A YANI CILEGON', 2, NULL, NULL, NULL, NULL, NULL, NULL, NULL, NULL, NULL, NULL),
(110, 'S&D (358) JABABEKA CIKARANG', '', 'JABABEKA CIKARANG', 2, NULL, NULL, NULL, NULL, NULL, NULL, NULL, NULL, NULL, NULL),
(111, 'S&D (73) HIBRIDA', '', 'HIBRIDA', 2, NULL, NULL, NULL, NULL, NULL, NULL, NULL, NULL, NULL, NULL),
(112, 'S&D (193) YANI,SOLO', '', 'YANI,SOLO', 2, NULL, NULL, NULL, NULL, NULL, NULL, NULL, NULL, NULL, NULL),
(113, 'S&D (214) MULYOSARI, SURABAYA', '', 'MULYOSARI, SURABAYA', 2, NULL, NULL, NULL, NULL, NULL, NULL, NULL, NULL, NULL, NULL),
(114, 'S&D (239) FATMAWATI SEMARANG', '', 'FATMAWATI SEMARANG', 2, NULL, NULL, NULL, NULL, NULL, NULL, NULL, NULL, NULL, NULL),
(115, 'S&D (290) S. ISKANDAR BOGOR', '', 'S. ISKANDAR BOGOR', 2, NULL, NULL, NULL, NULL, NULL, NULL, NULL, NULL, NULL, NULL),
(116, 'S&D (291) SURYA SUMANTRI BANDUNG', '', 'SURYA SUMANTRI BANDUNG', 2, NULL, NULL, NULL, NULL, NULL, NULL, NULL, NULL, NULL, NULL),
(117, 'S&D (293) PAHLAWAN SIDOARJO, SURABAYA', '', 'PAHLAWAN SIDOARJO, SURABAYA', 2, NULL, NULL, NULL, NULL, NULL, NULL, NULL, NULL, NULL, NULL),
(118, 'S&D (335) RADIO DALAM JAKSEL', '', 'RADIO DALAM JAKSEL', 2, NULL, NULL, NULL, NULL, NULL, NULL, NULL, NULL, NULL, NULL),
(119, 'S&D (350) PANTAI INDAH KAPUK', '', 'PANTAI INDAH KAPUK', 2, NULL, NULL, NULL, NULL, NULL, NULL, NULL, NULL, NULL, NULL),
(120, 'S&D (363) ANTAPANI BANDUNG', '', 'ANTAPANI BANDUNG', 2, NULL, NULL, NULL, NULL, NULL, NULL, NULL, NULL, NULL, NULL),
(121, 'S&D (530) PCETAKN BR', '', 'PCETAKN BR', 2, NULL, NULL, NULL, NULL, NULL, NULL, NULL, NULL, NULL, NULL),
(122, 'S&D (541) Kepandean Baru', '', 'Kepandean Baru', 2, NULL, NULL, NULL, NULL, NULL, NULL, NULL, NULL, NULL, NULL),
(123, 'S&D (256) TEUKU UMAR,Denpasar', '', 'TEUKU UMAR,Denpasar', 2, NULL, NULL, NULL, NULL, NULL, NULL, NULL, NULL, NULL, NULL),
(124, 'S&D (258) T PELAJAR, SEMARANG', '', 'T PELAJAR, SEMARANG', 2, NULL, NULL, NULL, NULL, NULL, NULL, NULL, NULL, NULL, NULL),
(125, 'S&D (189) KENDANG SARI, SURABAYA', '', 'KENDANG SARI, SURABAYA', 2, NULL, NULL, NULL, NULL, NULL, NULL, NULL, NULL, NULL, NULL),
(126, 'S&D (262) HOS COKRO, MADIUN', '', 'HOS COKRO, MADIUN', 2, NULL, NULL, NULL, NULL, NULL, NULL, NULL, NULL, NULL, NULL),
(127, 'S&D (208) SETIABUDI, SEMARANG', '', 'SETIABUDI, SEMARANG', 2, NULL, NULL, NULL, NULL, NULL, NULL, NULL, NULL, NULL, NULL),
(128, 'S&D (264) W MONGINSIDI, JAKARTA', '', 'W MONGINSIDI, JAKARTA', 2, NULL, NULL, NULL, NULL, NULL, NULL, NULL, NULL, NULL, NULL),
(129, 'S&D (265) POS PENGUMBEN', '', 'POS PENGUMBEN', 2, NULL, NULL, NULL, NULL, NULL, NULL, NULL, NULL, NULL, NULL),
(130, 'S&D (219) MJPHT BARU, SEMARANG', '', 'MJPHT BARU, SEMARANG', 2, NULL, NULL, NULL, NULL, NULL, NULL, NULL, NULL, NULL, NULL),
(131, 'S&D (226) CIDENG', '', 'CIDENG', 2, NULL, NULL, NULL, NULL, NULL, NULL, NULL, NULL, NULL, NULL),
(132, 'S&D (229) KOTAWISATA', '', 'KOTAWISATA', 2, NULL, NULL, NULL, NULL, NULL, NULL, NULL, NULL, NULL, NULL),
(133, 'S&D (274) SUDIRMAN, PEKALONGAN', '', 'SUDIRMAN, PEKALONGAN', 2, NULL, NULL, NULL, NULL, NULL, NULL, NULL, NULL, NULL, NULL),
(134, 'S&D (275) P. KIDUL, SEMARANG', '', 'P. KIDUL, SEMARANG', 2, NULL, NULL, NULL, NULL, NULL, NULL, NULL, NULL, NULL, NULL),
(135, 'S&D (230) TUPAREV, CIREBON', '', 'TUPAREV, CIREBON', 2, NULL, NULL, NULL, NULL, NULL, NULL, NULL, NULL, NULL, NULL),
(136, 'S&D (237) ARTA GADING2', '', 'ARTA GADING2', 2, NULL, NULL, NULL, NULL, NULL, NULL, NULL, NULL, NULL, NULL),
(137, 'S&D (279) DIPONEGORO, TEGAL', '', 'DIPONEGORO, TEGAL', 2, NULL, NULL, NULL, NULL, NULL, NULL, NULL, NULL, NULL, NULL),
(138, 'S&D (238) KEBON JERUK', '', 'KEBON JERUK', 2, NULL, NULL, NULL, NULL, NULL, NULL, NULL, NULL, NULL, NULL),
(139, 'S&D (240) A YANI, KUDUS', '', 'A YANI, KUDUS', 2, NULL, NULL, NULL, NULL, NULL, NULL, NULL, NULL, NULL, NULL),
(140, 'S&D (269) KEBAYORAN LAMA', '', 'KEBAYORAN LAMA', 2, NULL, NULL, NULL, NULL, NULL, NULL, NULL, NULL, NULL, NULL),
(141, 'S&D (283) MARTOLOYO, TEGAL', '', 'MARTOLOYO, TEGAL', 2, NULL, NULL, NULL, NULL, NULL, NULL, NULL, NULL, NULL, NULL),
(142, 'S&D (284) VETERAN BINTARO', '', 'VETERAN BINTARO', 2, NULL, NULL, NULL, NULL, NULL, NULL, NULL, NULL, NULL, NULL),
(143, 'S&D (296) TAMBUSAI PEKANBARU', '', 'TAMBUSAI PEKANBARU', 2, NULL, NULL, NULL, NULL, NULL, NULL, NULL, NULL, NULL, NULL),
(144, 'S&D (287) INDUSTRI JKT', '', 'INDUSTRI JKT', 2, NULL, NULL, NULL, NULL, NULL, NULL, NULL, NULL, NULL, NULL),
(145, 'S&D (329) SINGADILAGA PURWAKARTA', '', 'SINGADILAGA PURWAKARTA', 2, NULL, NULL, NULL, NULL, NULL, NULL, NULL, NULL, NULL, NULL),
(146, 'S&D (331) DERMAGA JAKTIM', '', 'DERMAGA JAKTIM', 2, NULL, NULL, NULL, NULL, NULL, NULL, NULL, NULL, NULL, NULL),
(147, 'S&D (339) PONDOK PINANG JAKSEL', '', 'PONDOK PINANG JAKSEL', 2, NULL, NULL, NULL, NULL, NULL, NULL, NULL, NULL, NULL, NULL),
(148, 'S&D (292) PURI KEMBANGAN', '', 'PURI KEMBANGAN', 2, NULL, NULL, NULL, NULL, NULL, NULL, NULL, NULL, NULL, NULL),
(149, 'S&D (365) Tajur, Bogor', '', 'Tajur, Bogor', 2, NULL, NULL, NULL, NULL, NULL, NULL, NULL, NULL, NULL, NULL),
(150, 'S&D (387) Lippo Cikarang', '', 'Lippo Cikarang', 2, NULL, NULL, NULL, NULL, NULL, NULL, NULL, NULL, NULL, NULL),
(151, 'S&D (391) A. Yani, Banjarmasin', '', 'A. Yani, Banjarmasin', 2, NULL, NULL, NULL, NULL, NULL, NULL, NULL, NULL, NULL, NULL),
(152, 'S&D (395) PM. Noor, Samarinda', '', 'PM. Noor, Samarinda', 2, NULL, NULL, NULL, NULL, NULL, NULL, NULL, NULL, NULL, NULL),
(153, 'S&D (302) BHAYANGKARA SOLO', '', 'BHAYANGKARA SOLO', 2, NULL, NULL, NULL, NULL, NULL, NULL, NULL, NULL, NULL, NULL),
(154, 'S&D (304) TUPAREV KARAWANG', '', 'TUPAREV KARAWANG', 2, NULL, NULL, NULL, NULL, NULL, NULL, NULL, NULL, NULL, NULL),
(155, 'S&D (307) TAMAN KOTA BATAM', '', 'TAMAN KOTA BATAM', 2, NULL, NULL, NULL, NULL, NULL, NULL, NULL, NULL, NULL, NULL),
(156, 'S&D (308) BASUNI MOJOKERTO', '', 'BASUNI MOJOKERTO', 2, NULL, NULL, NULL, NULL, NULL, NULL, NULL, NULL, NULL, NULL),
(157, 'S&D (309) MUSTOPA TASIKMALAYA', '', 'MUSTOPA TASIKMALAYA', 2, NULL, NULL, NULL, NULL, NULL, NULL, NULL, NULL, NULL, NULL),
(158, 'S&D (310) A YANI GARUT', '', 'A YANI GARUT', 2, NULL, NULL, NULL, NULL, NULL, NULL, NULL, NULL, NULL, NULL),
(159, 'S&D (401) A. Yani, Banjarbaru', '', 'A. Yani, Banjarbaru', 2, NULL, NULL, NULL, NULL, NULL, NULL, NULL, NULL, NULL, NULL),
(160, 'S&D (407) Cipinang Jaya, Jak-Tim', '', 'Cipinang Jaya, Jak-Tim', 2, NULL, NULL, NULL, NULL, NULL, NULL, NULL, NULL, NULL, NULL),
(161, 'S&D (466) Samratulangi - Manado', '', 'Samratulangi - Manado', 2, NULL, NULL, NULL, NULL, NULL, NULL, NULL, NULL, NULL, NULL),
(162, 'S&D (316) MUWARDI JAKBAR', '', 'MUWARDI JAKBAR', 2, NULL, NULL, NULL, NULL, NULL, NULL, NULL, NULL, NULL, NULL),
(163, 'S&D (317) DIPONEGORO DENPASAR', '', 'DIPONEGORO DENPASAR', 2, NULL, NULL, NULL, NULL, NULL, NULL, NULL, NULL, NULL, NULL),
(164, 'S&D (322) PAHLAWAN TULUNGAGUNG', '', 'PAHLAWAN TULUNGAGUNG', 2, NULL, NULL, NULL, NULL, NULL, NULL, NULL, NULL, NULL, NULL),
(165, 'S&D (323) DIPONEGORO SALATIGA', '', 'DIPONEGORO SALATIGA', 2, NULL, NULL, NULL, NULL, NULL, NULL, NULL, NULL, NULL, NULL),
(166, 'S&D (324) KESAMBI CIREBON', '', 'KESAMBI CIREBON', 2, NULL, NULL, NULL, NULL, NULL, NULL, NULL, NULL, NULL, NULL),
(167, 'S&D (326) SUDIRMAN SALATIGA', '', 'SUDIRMAN SALATIGA', 2, NULL, NULL, NULL, NULL, NULL, NULL, NULL, NULL, NULL, NULL),
(168, 'S&D (328) SAMPANGAN SEMARANG', '', 'SAMPANGAN SEMARANG', 2, NULL, NULL, NULL, NULL, NULL, NULL, NULL, NULL, NULL, NULL),
(169, 'S&D (494) Yos Sudarso Baru, Solo', '', 'Yos Sudarso Baru, Solo', 2, NULL, NULL, NULL, NULL, NULL, NULL, NULL, NULL, NULL, NULL),
(170, 'S&D (532) Godean Baru, Kyai mojo yogya', '', 'Godean Baru, Kyai mojo yogya', 2, NULL, NULL, NULL, NULL, NULL, NULL, NULL, NULL, NULL, NULL),
(171, 'S&D (542) Kedaton Baru', '', 'Kedaton Baru', 2, NULL, NULL, NULL, NULL, NULL, NULL, NULL, NULL, NULL, NULL),
(172, 'S&D (336) M KAHFI JAKSEL', '', 'M KAHFI JAKSEL', 2, NULL, NULL, NULL, NULL, NULL, NULL, NULL, NULL, NULL, NULL),
(173, 'S&D (337) ABD BIN NUH CIANJUR', '', 'ABD BIN NUH CIANJUR', 2, NULL, NULL, NULL, NULL, NULL, NULL, NULL, NULL, NULL, NULL),
(174, 'S&D (196) MUARA KARANG', '', 'MUARA KARANG', 2, NULL, NULL, NULL, NULL, NULL, NULL, NULL, NULL, NULL, NULL),
(175, 'S&D (340) USMAN SADAR GRESIK', '', 'USMAN SADAR GRESIK', 2, NULL, NULL, NULL, NULL, NULL, NULL, NULL, NULL, NULL, NULL),
(176, 'S&D (341) PONDOK AREN TANGERANG', '', 'PONDOK AREN TANGERANG', 2, NULL, NULL, NULL, NULL, NULL, NULL, NULL, NULL, NULL, NULL),
(177, 'S&D (342) LENTENG AGUNG JAKSEL', '', 'LENTENG AGUNG JAKSEL', 2, NULL, NULL, NULL, NULL, NULL, NULL, NULL, NULL, NULL, NULL),
(178, 'S&D (343) KELAPA DUA DEPOK', '', 'KELAPA DUA DEPOK', 2, NULL, NULL, NULL, NULL, NULL, NULL, NULL, NULL, NULL, NULL),
(179, 'S&D (344) A YANI MAGELANG', '', 'A YANI MAGELANG', 2, NULL, NULL, NULL, NULL, NULL, NULL, NULL, NULL, NULL, NULL),
(180, 'S&D (198) GUNUNGSARI, SURABAYA', '', 'GUNUNGSARI, SURABAYA', 2, NULL, NULL, NULL, NULL, NULL, NULL, NULL, NULL, NULL, NULL),
(181, 'S&D (346) IMAM MUNANDAR PEKANBARU', '', 'IMAM MUNANDAR PEKANBARU', 2, NULL, NULL, NULL, NULL, NULL, NULL, NULL, NULL, NULL, NULL),
(182, 'S&D (236) NEW TAMAN RATU', '', 'NEW TAMAN RATU', 2, NULL, NULL, NULL, NULL, NULL, NULL, NULL, NULL, NULL, NULL),
(183, 'S&D (348) KARAWACI 2 TANGERANG', '', 'KARAWACI 2 TANGERANG', 2, NULL, NULL, NULL, NULL, NULL, NULL, NULL, NULL, NULL, NULL),
(184, 'S&D (349) GANDARIA CITY, JAKSEL', '', 'GANDARIA CITY, JAKSEL', 2, NULL, NULL, NULL, NULL, NULL, NULL, NULL, NULL, NULL, NULL),
(185, 'S&D (261) H MULIA BEKASI', '', 'H MULIA BEKASI', 2, NULL, NULL, NULL, NULL, NULL, NULL, NULL, NULL, NULL, NULL),
(186, 'S&D (351) URIP SUMAHARJO KEDIRI', '', 'URIP SUMAHARJO KEDIRI', 2, NULL, NULL, NULL, NULL, NULL, NULL, NULL, NULL, NULL, NULL),
(187, 'S&D (352) SUDIRMAN PASURUAN', '', 'SUDIRMAN PASURUAN', 2, NULL, NULL, NULL, NULL, NULL, NULL, NULL, NULL, NULL, NULL),
(188, 'S&D (353) A YANI SITUBONDO', '', 'A YANI SITUBONDO', 2, NULL, NULL, NULL, NULL, NULL, NULL, NULL, NULL, NULL, NULL),
(189, 'S&D (354) PADASUKA CIMAHI', '', 'PADASUKA CIMAHI', 2, NULL, NULL, NULL, NULL, NULL, NULL, NULL, NULL, NULL, NULL),
(190, 'S&D (356) DIPONEGORO UNGARAN', '', 'DIPONEGORO UNGARAN', 2, NULL, NULL, NULL, NULL, NULL, NULL, NULL, NULL, NULL, NULL),
(191, 'S&D (357) A YANI UNGARAN', '', 'A YANI UNGARAN', 2, NULL, NULL, NULL, NULL, NULL, NULL, NULL, NULL, NULL, NULL),
(192, 'S&D (277) TEUKU UMAR, CIBITUNG', '', 'TEUKU UMAR, CIBITUNG', 2, NULL, NULL, NULL, NULL, NULL, NULL, NULL, NULL, NULL, NULL),
(193, 'S&D (359) HASANUDDIN BANDAR LAMPUNG', '', 'HASANUDDIN BANDAR LAMPUNG', 2, NULL, NULL, NULL, NULL, NULL, NULL, NULL, NULL, NULL, NULL),
(194, 'S&D (360) JATINANGOR SUMEDANG', '', 'JATINANGOR SUMEDANG', 2, NULL, NULL, NULL, NULL, NULL, NULL, NULL, NULL, NULL, NULL),
(195, 'S&D (361) RANCAEKEK BANDUNG', '', 'RANCAEKEK BANDUNG', 2, NULL, NULL, NULL, NULL, NULL, NULL, NULL, NULL, NULL, NULL),
(196, 'S&D (362) A YANI BANDUNG', '', 'A YANI BANDUNG', 2, NULL, NULL, NULL, NULL, NULL, NULL, NULL, NULL, NULL, NULL),
(197, 'S&D (281) VETERAN PALEMBANG', '', 'VETERAN PALEMBANG', 2, NULL, NULL, NULL, NULL, NULL, NULL, NULL, NULL, NULL, NULL),
(198, 'S&D (364) CILEUNYI BANDUNG', '', 'CILEUNYI BANDUNG', 2, NULL, NULL, NULL, NULL, NULL, NULL, NULL, NULL, NULL, NULL),
(199, 'S&D (282) K. KRAMPUNG, SURABAYA', '', 'K. KRAMPUNG, SURABAYA', 2, NULL, NULL, NULL, NULL, NULL, NULL, NULL, NULL, NULL, NULL),
(200, 'S&D (366) A YANI TULUNGAGUNG', '', 'A YANI TULUNGAGUNG', 2, NULL, NULL, NULL, NULL, NULL, NULL, NULL, NULL, NULL, NULL),
(201, 'S&D (297) SUBRANTAS PEKANBARU', '', 'SUBRANTAS PEKANBARU', 2, NULL, NULL, NULL, NULL, NULL, NULL, NULL, NULL, NULL, NULL),
(202, 'S&D (368) PADALARANG BANDUNG', '', 'PADALARANG BANDUNG', 2, NULL, NULL, NULL, NULL, NULL, NULL, NULL, NULL, NULL, NULL),
(203, 'S&D (299) Citra Garden 2, Jak-Bar', '', 'Citra Garden 2, Jak-Bar', 2, NULL, NULL, NULL, NULL, NULL, NULL, NULL, NULL, NULL, NULL),
(204, 'S&D (370) SUDIRMAN KEDIRI', '', 'SUDIRMAN KEDIRI', 2, NULL, NULL, NULL, NULL, NULL, NULL, NULL, NULL, NULL, NULL),
(205, 'S&D (371) S PARMAN BANYUWANGI', '', 'S PARMAN BANYUWANGI', 2, NULL, NULL, NULL, NULL, NULL, NULL, NULL, NULL, NULL, NULL),
(206, 'S&D (372) BADARUDDIN PALEMBANG', '', 'BADARUDDIN PALEMBANG', 2, NULL, NULL, NULL, NULL, NULL, NULL, NULL, NULL, NULL, NULL),
(207, 'S&D (311) CIMANUK GARUT', '', 'CIMANUK GARUT', 2, NULL, NULL, NULL, NULL, NULL, NULL, NULL, NULL, NULL, NULL),
(208, 'S&D (312) MAYOR OKING CIBINONG', '', 'MAYOR OKING CIBINONG', 2, NULL, NULL, NULL, NULL, NULL, NULL, NULL, NULL, NULL, NULL),
(209, 'S&D (376) A YANI NGAWI', '', 'A YANI NGAWI', 2, NULL, NULL, NULL, NULL, NULL, NULL, NULL, NULL, NULL, NULL),
(210, 'S&D (377) SOLO BARU SUKOHARJO', '', 'SOLO BARU SUKOHARJO', 2, NULL, NULL, NULL, NULL, NULL, NULL, NULL, NULL, NULL, NULL),
(211, 'S&D (378) GATSU BANDUNG', '', 'GATSU BANDUNG', 2, NULL, NULL, NULL, NULL, NULL, NULL, NULL, NULL, NULL, NULL),
(212, 'S&D (380) PLAJU PALEMBANG', '', 'PLAJU PALEMBANG', 2, NULL, NULL, NULL, NULL, NULL, NULL, NULL, NULL, NULL, NULL),
(213, 'S&D (381) PORIS TANGERANG', '', 'PORIS TANGERANG', 2, NULL, NULL, NULL, NULL, NULL, NULL, NULL, NULL, NULL, NULL),
(214, 'S&D (382) Tanjung, Blitar', '', 'Tanjung, Blitar', 2, NULL, NULL, NULL, NULL, NULL, NULL, NULL, NULL, NULL, NULL),
(215, 'S&D (383) S PARMAN CILACAP', '', 'S PARMAN CILACAP', 2, NULL, NULL, NULL, NULL, NULL, NULL, NULL, NULL, NULL, NULL),
(216, 'S&D (384) Gajah Mada, Mojokerto', '', 'Gajah Mada, Mojokerto', 2, NULL, NULL, NULL, NULL, NULL, NULL, NULL, NULL, NULL, NULL),
(217, 'S&D (385) Nusa Dua, Kab. Badung, Bali', '', 'Nusa Dua, Kab. Badung, Bali', 2, NULL, NULL, NULL, NULL, NULL, NULL, NULL, NULL, NULL, NULL),
(218, 'S&D (345) KARAWANG BARU, KARAWANG', '', 'KARAWANG BARU, KARAWANG', 2, NULL, NULL, NULL, NULL, NULL, NULL, NULL, NULL, NULL, NULL),
(219, 'S&D (367) CIPUTAT TANGERANG', '', 'CIPUTAT TANGERANG', 2, NULL, NULL, NULL, NULL, NULL, NULL, NULL, NULL, NULL, NULL),
(220, 'S&D (388) Soeta, Madiun', '', 'Soeta, Madiun', 2, NULL, NULL, NULL, NULL, NULL, NULL, NULL, NULL, NULL, NULL),
(221, 'S&D (389) Husein, Bandung', '', 'Husein, Bandung', 2, NULL, NULL, NULL, NULL, NULL, NULL, NULL, NULL, NULL, NULL),
(222, 'S&D (369) HASYIM AZHARI JAKPUS', '', 'HASYIM AZHARI JAKPUS', 2, NULL, NULL, NULL, NULL, NULL, NULL, NULL, NULL, NULL, NULL),
(223, 'S&D (375) KRAMAT KWITANG', '', 'KRAMAT KWITANG', 2, NULL, NULL, NULL, NULL, NULL, NULL, NULL, NULL, NULL, NULL),
(224, 'S&D (392) Sutoyo, Banjarmasin', '', 'Sutoyo, Banjarmasin', 2, NULL, NULL, NULL, NULL, NULL, NULL, NULL, NULL, NULL, NULL),
(225, 'S&D (394) Pahlawan, Samarinda', '', 'Pahlawan, Samarinda', 2, NULL, NULL, NULL, NULL, NULL, NULL, NULL, NULL, NULL, NULL),
(226, 'S&D (390) Penggilingan', '', 'Penggilingan', 2, NULL, NULL, NULL, NULL, NULL, NULL, NULL, NULL, NULL, NULL),
(227, 'S&D (396) A. Yani, Balikpapan', '', 'A. Yani, Balikpapan', 2, NULL, NULL, NULL, NULL, NULL, NULL, NULL, NULL, NULL, NULL),
(228, 'S&D (397) Iswahyudi, Balikpapan', '', 'Iswahyudi, Balikpapan', 2, NULL, NULL, NULL, NULL, NULL, NULL, NULL, NULL, NULL, NULL),
(229, 'S&D (398) Sutomo, Padang', '', 'Sutomo, Padang', 2, NULL, NULL, NULL, NULL, NULL, NULL, NULL, NULL, NULL, NULL),
(230, 'S&D (399) Sudirman, Probolinggo', '', 'Sudirman, Probolinggo', 2, NULL, NULL, NULL, NULL, NULL, NULL, NULL, NULL, NULL, NULL),
(231, 'S&D (400) Thamrin, tangerang', '', 'Thamrin, tangerang', 2, NULL, NULL, NULL, NULL, NULL, NULL, NULL, NULL, NULL, NULL),
(232, 'S&D (408) Veteran, Makassar', '', 'Veteran, Makassar', 2, NULL, NULL, NULL, NULL, NULL, NULL, NULL, NULL, NULL, NULL),
(233, 'S&D (402) A. Yani, Serang', '', 'A. Yani, Serang', 2, NULL, NULL, NULL, NULL, NULL, NULL, NULL, NULL, NULL, NULL),
(234, 'S&D (403) S. Parman, Padang', '', 'S. Parman, Padang', 2, NULL, NULL, NULL, NULL, NULL, NULL, NULL, NULL, NULL, NULL),
(235, 'S&D (404) Sawojajar, Malang', '', 'Sawojajar, Malang', 2, NULL, NULL, NULL, NULL, NULL, NULL, NULL, NULL, NULL, NULL),
(236, 'S&D (405) Lubang Buaya, Jak-Tim', '', 'Lubang Buaya, Jak-Tim', 2, NULL, NULL, NULL, NULL, NULL, NULL, NULL, NULL, NULL, NULL),
(237, 'S&D (406) Kebun Handil, Jambi', '', 'Kebun Handil, Jambi', 2, NULL, NULL, NULL, NULL, NULL, NULL, NULL, NULL, NULL, NULL),
(238, 'S&D (428) Kemanggisan', '', 'Kemanggisan', 2, NULL, NULL, NULL, NULL, NULL, NULL, NULL, NULL, NULL, NULL),
(239, 'S&D (458) Merdeka, Tangerang', '', 'Merdeka, Tangerang', 2, NULL, NULL, NULL, NULL, NULL, NULL, NULL, NULL, NULL, NULL),
(240, 'S&D (409) Pahlawan, Bogor', '', 'Pahlawan, Bogor', 2, NULL, NULL, NULL, NULL, NULL, NULL, NULL, NULL, NULL, NULL),
(241, 'S&D (411) Pengayoman, Makassar', '', 'Pengayoman, Makassar', 2, NULL, NULL, NULL, NULL, NULL, NULL, NULL, NULL, NULL, NULL),
(242, 'S&D (412) Slamet Riyadi, Lumajang', '', 'Slamet Riyadi, Lumajang', 2, NULL, NULL, NULL, NULL, NULL, NULL, NULL, NULL, NULL, NULL),
(243, 'S&D (413) Sudirman, Ciamis', '', 'Sudirman, Ciamis', 2, NULL, NULL, NULL, NULL, NULL, NULL, NULL, NULL, NULL, NULL),
(244, 'S&D (414) Semanan', '', 'Semanan', 2, NULL, NULL, NULL, NULL, NULL, NULL, NULL, NULL, NULL, NULL),
(245, 'S&D (464) Ruhui Rahayu - Balikpapan', '', 'Ruhui Rahayu - Balikpapan', 2, NULL, NULL, NULL, NULL, NULL, NULL, NULL, NULL, NULL, NULL),
(246, 'S&D (416) Ciwastra, Bandung', '', 'Ciwastra, Bandung', 2, NULL, NULL, NULL, NULL, NULL, NULL, NULL, NULL, NULL, NULL),
(247, 'S&D (417) Peta, Bandung', '', 'Peta, Bandung', 2, NULL, NULL, NULL, NULL, NULL, NULL, NULL, NULL, NULL, NULL),
(248, 'S&D (418) Cokroaminoto, Jambi', '', 'Cokroaminoto, Jambi', 2, NULL, NULL, NULL, NULL, NULL, NULL, NULL, NULL, NULL, NULL),
(249, 'S&D (419) Kepanjen, Malang', '', 'Kepanjen, Malang', 2, NULL, NULL, NULL, NULL, NULL, NULL, NULL, NULL, NULL, NULL),
(250, 'S&D (420) Pemuda, Jepara', '', 'Pemuda, Jepara', 2, NULL, NULL, NULL, NULL, NULL, NULL, NULL, NULL, NULL, NULL),
(251, 'S&D (469) Lumimut - Manado', '', 'Lumimut - Manado', 2, NULL, NULL, NULL, NULL, NULL, NULL, NULL, NULL, NULL, NULL),
(252, 'S&D (531) MARGONDA 3', '', 'MARGONDA 3', 2, NULL, NULL, NULL, NULL, NULL, NULL, NULL, NULL, NULL, NULL),
(253, 'S&D (423) Terusan Cibaduyut', '', 'Terusan Cibaduyut', 2, NULL, NULL, NULL, NULL, NULL, NULL, NULL, NULL, NULL, NULL),
(254, 'S&D (424) Sudirman, Bandung', '', 'Sudirman, Bandung', 2, NULL, NULL, NULL, NULL, NULL, NULL, NULL, NULL, NULL, NULL),
(255, 'S&D (425) Pamularsih', '', 'Pamularsih', 2, NULL, NULL, NULL, NULL, NULL, NULL, NULL, NULL, NULL, NULL),
(256, 'S&D (210) WAHIDIN, GRESIK', '', 'WAHIDIN, GRESIK', 2, NULL, NULL, NULL, NULL, NULL, NULL, NULL, NULL, NULL, NULL),
(257, 'S&D (427) Jombang, Tang-Sel', '', 'Jombang, Tang-Sel', 2, NULL, NULL, NULL, NULL, NULL, NULL, NULL, NULL, NULL, NULL),
(258, 'S&D (217) SILIWANGI, SEMARANG', '', 'SILIWANGI, SEMARANG', 2, NULL, NULL, NULL, NULL, NULL, NULL, NULL, NULL, NULL, NULL),
(259, 'S&D (429) Trenggono, Demak', '', 'Trenggono, Demak', 2, NULL, NULL, NULL, NULL, NULL, NULL, NULL, NULL, NULL, NULL),
(260, 'S&D (430) Soeta, Kendal', '', 'Soeta, Kendal', 2, NULL, NULL, NULL, NULL, NULL, NULL, NULL, NULL, NULL, NULL),
(261, 'S&D (431) Soeta, Balikpapan', '', 'Soeta, Balikpapan', 2, NULL, NULL, NULL, NULL, NULL, NULL, NULL, NULL, NULL, NULL),
(262, 'S&D (432) Sultan Adam, Banjarmasin', '', 'Sultan Adam, Banjarmasin', 2, NULL, NULL, NULL, NULL, NULL, NULL, NULL, NULL, NULL, NULL),
(263, 'S&D (433) Thamrin, Jambi', '', 'Thamrin, Jambi', 2, NULL, NULL, NULL, NULL, NULL, NULL, NULL, NULL, NULL, NULL),
(264, 'S&D (434) Citayam', '', 'Citayam', 2, NULL, NULL, NULL, NULL, NULL, NULL, NULL, NULL, NULL, NULL),
(265, 'S&D (435) Ciledug, Garut', '', 'Ciledug, Garut', 2, NULL, NULL, NULL, NULL, NULL, NULL, NULL, NULL, NULL, NULL),
(266, 'S&D (436) Lembang, Kab. Bandung', '', 'Lembang, Kab. Bandung', 2, NULL, NULL, NULL, NULL, NULL, NULL, NULL, NULL, NULL, NULL),
(267, 'S&D (437) Lamkurat, Samarinda', '', 'Lamkurat, Samarinda', 2, NULL, NULL, NULL, NULL, NULL, NULL, NULL, NULL, NULL, NULL),
(268, 'S&D (438) A. Yani, Samarinda', '', 'A. Yani, Samarinda', 2, NULL, NULL, NULL, NULL, NULL, NULL, NULL, NULL, NULL, NULL),
(269, 'S&D (439) Krakatau, Medan', '', 'Krakatau, Medan', 2, NULL, NULL, NULL, NULL, NULL, NULL, NULL, NULL, NULL, NULL),
(270, 'S&D (440) Juanda, Medan', '', 'Juanda, Medan', 2, NULL, NULL, NULL, NULL, NULL, NULL, NULL, NULL, NULL, NULL),
(271, 'S&D (441) Gagak Hitam, Medan', '', 'Gagak Hitam, Medan', 2, NULL, NULL, NULL, NULL, NULL, NULL, NULL, NULL, NULL, NULL),
(272, 'S&D (220) ADISUCIPTO, YOGYAKARTA', '', 'ADISUCIPTO, YOGYAKARTA', 2, NULL, NULL, NULL, NULL, NULL, NULL, NULL, NULL, NULL, NULL),
(273, 'S&D (443) Gunung Batu, Bandung', '', 'Gunung Batu, Bandung', 2, NULL, NULL, NULL, NULL, NULL, NULL, NULL, NULL, NULL, NULL),
(274, 'S&D (444) Alauddin, Makassar', '', 'Alauddin, Makassar', 2, NULL, NULL, NULL, NULL, NULL, NULL, NULL, NULL, NULL, NULL),
(275, 'S&D (445) Pondok Kacang', '', 'Pondok Kacang', 2, NULL, NULL, NULL, NULL, NULL, NULL, NULL, NULL, NULL, NULL),
(276, 'S&D (446) Pinang, Tangerang', '', 'Pinang, Tangerang', 2, NULL, NULL, NULL, NULL, NULL, NULL, NULL, NULL, NULL, NULL),
(277, 'S&D (447) Otista, Subang', '', 'Otista, Subang', 2, NULL, NULL, NULL, NULL, NULL, NULL, NULL, NULL, NULL, NULL),
(278, 'S&D (448) A. Yani, Cikampek', '', 'A. Yani, Cikampek', 2, NULL, NULL, NULL, NULL, NULL, NULL, NULL, NULL, NULL, NULL),
(279, 'S&D (449) M. Yamin, Medan', '', 'M. Yamin, Medan', 2, NULL, NULL, NULL, NULL, NULL, NULL, NULL, NULL, NULL, NULL),
(280, 'S&D (450) Cendrawasih, Makassar', '', 'Cendrawasih, Makassar', 2, NULL, NULL, NULL, NULL, NULL, NULL, NULL, NULL, NULL, NULL),
(281, 'S&D (451) Perintis - Makassar', '', 'Perintis - Makassar', 2, NULL, NULL, NULL, NULL, NULL, NULL, NULL, NULL, NULL, NULL),
(282, 'S&D (452) Aeropalla - Makassar', '', 'Aeropalla - Makassar', 2, NULL, NULL, NULL, NULL, NULL, NULL, NULL, NULL, NULL, NULL),
(283, 'S&D (453) Cijerah, Bandung', '', 'Cijerah, Bandung', 2, NULL, NULL, NULL, NULL, NULL, NULL, NULL, NULL, NULL, NULL),
(284, 'S&D (454) Tritura - Medan', '', 'Tritura - Medan', 2, NULL, NULL, NULL, NULL, NULL, NULL, NULL, NULL, NULL, NULL),
(285, 'S&D (455) Martadinata, Kab. Kuningan', '', 'Martadinata, Kab. Kuningan', 2, NULL, NULL, NULL, NULL, NULL, NULL, NULL, NULL, NULL, NULL),
(286, 'S&D (456) Singosari, Kab. Malang', '', 'Singosari, Kab. Malang', 2, NULL, NULL, NULL, NULL, NULL, NULL, NULL, NULL, NULL, NULL),
(287, 'S&D (457) Amir Hamzah - Medan', '', 'Amir Hamzah - Medan', 2, NULL, NULL, NULL, NULL, NULL, NULL, NULL, NULL, NULL, NULL),
(288, 'S&D (233) WARUNG BUNCIT', '', 'WARUNG BUNCIT', 2, NULL, NULL, NULL, NULL, NULL, NULL, NULL, NULL, NULL, NULL),
(289, 'S&D (459) Juanda, Tasikmalaya', '', 'Juanda, Tasikmalaya', 2, NULL, NULL, NULL, NULL, NULL, NULL, NULL, NULL, NULL, NULL),
(290, 'S&D (460) Lawu, Karanganyar', '', 'Lawu, Karanganyar', 2, NULL, NULL, NULL, NULL, NULL, NULL, NULL, NULL, NULL, NULL),
(291, 'S&D (245) DHARMAWANGSA, SURABAYA', '', 'DHARMAWANGSA, SURABAYA', 2, NULL, NULL, NULL, NULL, NULL, NULL, NULL, NULL, NULL, NULL),
(292, 'S&D (465) Martapura - Banjarmasin', '', 'Martapura - Banjarmasin', 2, NULL, NULL, NULL, NULL, NULL, NULL, NULL, NULL, NULL, NULL),
(293, 'S&D (250) C. MANGUNKUSUMO CIREBON', '', 'C. MANGUNKUSUMO CIREBON', 2, NULL, NULL, NULL, NULL, NULL, NULL, NULL, NULL, NULL, NULL),
(294, 'S&D (467) Karangploso, Kab. Malang', '', 'Karangploso, Kab. Malang', 2, NULL, NULL, NULL, NULL, NULL, NULL, NULL, NULL, NULL, NULL),
(295, 'S&D (468) Setiabudi - Medan', '', 'Setiabudi - Medan', 2, NULL, NULL, NULL, NULL, NULL, NULL, NULL, NULL, NULL, NULL),
(296, 'S&D (255) S. HATTA, KEDIRI', '', 'S. HATTA, KEDIRI', 2, NULL, NULL, NULL, NULL, NULL, NULL, NULL, NULL, NULL, NULL),
(297, 'S&D (470) Sudirman - Indramayu', '', 'Sudirman - Indramayu', 2, NULL, NULL, NULL, NULL, NULL, NULL, NULL, NULL, NULL, NULL),
(298, 'S&D (471) Yos Sudarso - Nganjuk', '', 'Yos Sudarso - Nganjuk', 2, NULL, NULL, NULL, NULL, NULL, NULL, NULL, NULL, NULL, NULL),
(299, 'S&D (474) Sudirman - Bukittinggi', '', 'Sudirman - Bukittinggi', 2, NULL, NULL, NULL, NULL, NULL, NULL, NULL, NULL, NULL, NULL),
(300, 'S&D (273) GAJAH MADA, PEKALONGAN', '', 'GAJAH MADA, PEKALONGAN', 2, NULL, NULL, NULL, NULL, NULL, NULL, NULL, NULL, NULL, NULL),
(301, 'S&D (476) Malalayang - Manado', '', 'Malalayang - Manado', 2, NULL, NULL, NULL, NULL, NULL, NULL, NULL, NULL, NULL, NULL),
(302, 'S&D (477) Abdurahman Sumedang', '', 'Abdurahman Sumedang', 2, NULL, NULL, NULL, NULL, NULL, NULL, NULL, NULL, NULL, NULL),
(303, 'S&D (478) MT . Haryono - Balikpapan', '', 'MT . Haryono - Balikpapan', 2, NULL, NULL, NULL, NULL, NULL, NULL, NULL, NULL, NULL, NULL),
(304, 'S&D (479) Mulawarman - Balikpapan', '', 'Mulawarman - Balikpapan', 2, NULL, NULL, NULL, NULL, NULL, NULL, NULL, NULL, NULL, NULL),
(305, 'S&D (480) Nibung - Medan', '', 'Nibung - Medan', 2, NULL, NULL, NULL, NULL, NULL, NULL, NULL, NULL, NULL, NULL),
(306, 'S&D (481) Denai - Medan', '', 'Denai - Medan', 2, NULL, NULL, NULL, NULL, NULL, NULL, NULL, NULL, NULL, NULL),
(307, 'S&D (482) Slamet Riyadi - Samarinda', '', 'Slamet Riyadi - Samarinda', 2, NULL, NULL, NULL, NULL, NULL, NULL, NULL, NULL, NULL, NULL),
(308, 'S&D (483) Pangeran Ayin - Palembang', '', 'Pangeran Ayin - Palembang', 2, NULL, NULL, NULL, NULL, NULL, NULL, NULL, NULL, NULL, NULL),
(309, 'S&D (484) Suprapto - Palembang', '', 'Suprapto - Palembang', 2, NULL, NULL, NULL, NULL, NULL, NULL, NULL, NULL, NULL, NULL),
(310, 'S&D (485) Wahid Hasyim - Palembang', '', 'Wahid Hasyim - Palembang', 2, NULL, NULL, NULL, NULL, NULL, NULL, NULL, NULL, NULL, NULL),
(311, 'S&D (486) Sesetan baru - Denpasar', '', 'Sesetan baru - Denpasar', 2, NULL, NULL, NULL, NULL, NULL, NULL, NULL, NULL, NULL, NULL),
(312, 'S&D (487) Sempu - Serang', '', 'Sempu - Serang', 2, NULL, NULL, NULL, NULL, NULL, NULL, NULL, NULL, NULL, NULL),
(313, 'S&D (488) Burlian - Palembang', '', 'Burlian - Palembang', 2, NULL, NULL, NULL, NULL, NULL, NULL, NULL, NULL, NULL, NULL),
(314, 'S&D (374) TANAH KUSIR JAKSEL', '', 'TANAH KUSIR JAKSEL', 2, NULL, NULL, NULL, NULL, NULL, NULL, NULL, NULL, NULL, NULL),
(315, 'S&D (490) Veteran, Banjarmasin', '', 'Veteran, Banjarmasin', 2, NULL, NULL, NULL, NULL, NULL, NULL, NULL, NULL, NULL, NULL),
(316, 'S&D (491) Sumber, Kab. Cirebon', '', 'Sumber, Kab. Cirebon', 2, NULL, NULL, NULL, NULL, NULL, NULL, NULL, NULL, NULL, NULL),
(317, 'S&D (492) Hamka, Padang', '', 'Hamka, Padang', 2, NULL, NULL, NULL, NULL, NULL, NULL, NULL, NULL, NULL, NULL),
(318, 'S&D (493) Sudiang, Makassar', '', 'Sudiang, Makassar', 2, NULL, NULL, NULL, NULL, NULL, NULL, NULL, NULL, NULL, NULL),
(319, 'S&D (386) Citra Raya', '', 'Citra Raya', 2, NULL, NULL, NULL, NULL, NULL, NULL, NULL, NULL, NULL, NULL),
(320, 'S&D (495) Kartini, Binjai', '', 'Kartini, Binjai', 2, NULL, NULL, NULL, NULL, NULL, NULL, NULL, NULL, NULL, NULL),
(321, 'S&D (496) Sisingamangaraja, Medan', '', 'Sisingamangaraja, Medan', 2, NULL, NULL, NULL, NULL, NULL, NULL, NULL, NULL, NULL, NULL),
(322, 'S&D (497) Urip Sumoharjo, Makassar', '', 'Urip Sumoharjo, Makassar', 2, NULL, NULL, NULL, NULL, NULL, NULL, NULL, NULL, NULL, NULL),
(323, 'S&D (498)  MT Haryono, Kendari', '', ' MT Haryono, Kendari', 2, NULL, NULL, NULL, NULL, NULL, NULL, NULL, NULL, NULL, NULL),
(324, 'S&D (499) Setiabudi, Pekanbaru', '', 'Setiabudi, Pekanbaru', 2, NULL, NULL, NULL, NULL, NULL, NULL, NULL, NULL, NULL, NULL),
(325, 'S&D (415) Sindang Barang', '', 'Sindang Barang', 2, NULL, NULL, NULL, NULL, NULL, NULL, NULL, NULL, NULL, NULL),
(326, 'S&D (501) Bung Karno, Mataram', '', 'Bung Karno, Mataram', 2, NULL, NULL, NULL, NULL, NULL, NULL, NULL, NULL, NULL, NULL),
(327, 'S&D (505) Gede Ngurah, Mataram Lombok', '', 'Gede Ngurah, Mataram Lombok', 2, NULL, NULL, NULL, NULL, NULL, NULL, NULL, NULL, NULL, NULL),
(328, 'S&D (506) Jamin Ginting, Medan', '', 'Jamin Ginting, Medan', 2, NULL, NULL, NULL, NULL, NULL, NULL, NULL, NULL, NULL, NULL),
(329, 'S&D (507) Wileam Iskandar, Medan', '', 'Wileam Iskandar, Medan', 2, NULL, NULL, NULL, NULL, NULL, NULL, NULL, NULL, NULL, NULL),
(330, 'S&D (422) Kartini, Bekasi', '', 'Kartini, Bekasi', 2, NULL, NULL, NULL, NULL, NULL, NULL, NULL, NULL, NULL, NULL),
(331, 'S&D (510) Perintis MAKTOS, Makassar', '', 'Perintis MAKTOS, Makassar', 2, NULL, NULL, NULL, NULL, NULL, NULL, NULL, NULL, NULL, NULL),
(332, 'S&D (426) Sirajd Salman, Samarinda', '', 'Sirajd Salman, Samarinda', 2, NULL, NULL, NULL, NULL, NULL, NULL, NULL, NULL, NULL, NULL),
(333, 'S&D (475) A.Yani Km 8 - Banjarmasin', '', 'A.Yani Km 8 - Banjarmasin', 2, NULL, NULL, NULL, NULL, NULL, NULL, NULL, NULL, NULL, NULL),
(334, 'S&D (513) Gedangan, Kab. Sidoarjo', '', 'Gedangan, Kab. Sidoarjo', 2, NULL, NULL, NULL, NULL, NULL, NULL, NULL, NULL, NULL, NULL),
(335, 'S&D (514) A. Yani, Kendari', '', 'A. Yani, Kendari', 2, NULL, NULL, NULL, NULL, NULL, NULL, NULL, NULL, NULL, NULL),
(336, 'S&D (515) Rajawali, Cirebon', '', 'Rajawali, Cirebon', 2, NULL, NULL, NULL, NULL, NULL, NULL, NULL, NULL, NULL, NULL),
(337, 'S&D (516)  E-Commerce', '', ' E-Commerce', 2, NULL, NULL, NULL, NULL, NULL, NULL, NULL, NULL, NULL, NULL),
(338, 'S&D (500)  Lidah Wetan, Surabaya', '', ' Lidah Wetan, Surabaya', 2, NULL, NULL, NULL, NULL, NULL, NULL, NULL, NULL, NULL, NULL),
(339, 'S&D (529) Wiyung BR, Surabaya', '', 'Wiyung BR, Surabaya', 2, NULL, NULL, NULL, NULL, NULL, NULL, NULL, NULL, NULL, NULL),
(340, 'S&D (543) Kartini', '', 'Kartini', 2, NULL, NULL, NULL, NULL, NULL, NULL, NULL, NULL, NULL, NULL),
(341, 'S&D (559) SD Jl. Riau Baru', '', 'SD Jl. Riau Baru', 2, NULL, NULL, NULL, NULL, NULL, NULL, NULL, NULL, NULL, NULL),
(342, 'S&D (537) SMNHUDI BR', '', 'SMNHUDI BR', 2, NULL, NULL, NULL, NULL, NULL, NULL, NULL, NULL, NULL, NULL),
(343, 'S&D (538) Jakal Baru, Yogya', '', 'Jakal Baru, Yogya', 2, NULL, NULL, NULL, NULL, NULL, NULL, NULL, NULL, NULL, NULL),
(344, 'S&D (489) -Patimurra, Samarinda Sebrang', '', '-Patimurra, Samarinda Sebrang', 2, NULL, NULL, NULL, NULL, NULL, NULL, NULL, NULL, NULL, NULL),
(345, 'S&D (509) Letda Sujono, Medan', '', 'Letda Sujono, Medan', 2, NULL, NULL, NULL, NULL, NULL, NULL, NULL, NULL, NULL, NULL),
(346, 'S&D (511) Soeta Km. 7, Balikpapan', '', 'Soeta Km. 7, Balikpapan', 2, NULL, NULL, NULL, NULL, NULL, NULL, NULL, NULL, NULL, NULL),
(347, 'S&D (544) Gunung Agung, Denpasar', '', 'Gunung Agung, Denpasar', 2, NULL, NULL, NULL, NULL, NULL, NULL, NULL, NULL, NULL, NULL),
(348, 'S&D (545) SD SUDIRMN BG', '', 'SD SUDIRMN BG', 2, NULL, NULL, NULL, NULL, NULL, NULL, NULL, NULL, NULL, NULL),
(349, 'S&D (550) SD JABABEKA 2', '', 'SD JABABEKA 2', 2, NULL, NULL, NULL, NULL, NULL, NULL, NULL, NULL, NULL, NULL),
(350, 'S&D (551) SD NUSUKAN', '', 'SD NUSUKAN', 2, NULL, NULL, NULL, NULL, NULL, NULL, NULL, NULL, NULL, NULL),
(351, 'S&D (552) SD GAJAH MADA BARU', '', 'SD GAJAH MADA BARU', 2, NULL, NULL, NULL, NULL, NULL, NULL, NULL, NULL, NULL, NULL),
(352, 'S&D (553) SD MERUYA UTARA', '', 'SD MERUYA UTARA', 2, NULL, NULL, NULL, NULL, NULL, NULL, NULL, NULL, NULL, NULL),
(353, 'S&D (554) SD SOETA PONOROGO', '', 'SD SOETA PONOROGO', 2, NULL, NULL, NULL, NULL, NULL, NULL, NULL, NULL, NULL, NULL),
(354, 'S&D (555) SD TUBAGUS ANGKE', '', 'SD TUBAGUS ANGKE', 2, NULL, NULL, NULL, NULL, NULL, NULL, NULL, NULL, NULL, NULL),
(355, 'S&D (556) SD JENGGOLO', '', 'SD JENGGOLO', 2, NULL, NULL, NULL, NULL, NULL, NULL, NULL, NULL, NULL, NULL),
(356, 'S&D (557) SD MAHKOTA BARU', '', 'SD MAHKOTA BARU', 2, NULL, NULL, NULL, NULL, NULL, NULL, NULL, NULL, NULL, NULL),
(357, 'S&D (558) SD OVERSTE ISDIMAN', '', 'SD OVERSTE ISDIMAN', 2, NULL, NULL, NULL, NULL, NULL, NULL, NULL, NULL, NULL, NULL),
(358, 'S&D (512) Hasan Basri, Banjarmasin', '', 'Hasan Basri, Banjarmasin', 2, NULL, NULL, NULL, NULL, NULL, NULL, NULL, NULL, NULL, NULL),
(359, 'S&D (560) Batuaji', '', 'Batuaji', 2, NULL, NULL, NULL, NULL, NULL, NULL, NULL, NULL, NULL, NULL),
(360, 'S&D (562) SD M. Toha', '', 'SD M. Toha', 2, NULL, NULL, NULL, NULL, NULL, NULL, NULL, NULL, NULL, NULL),
(361, 'S&D (563) SD Sungai Raya', '', 'SD Sungai Raya', 2, NULL, NULL, NULL, NULL, NULL, NULL, NULL, NULL, NULL, NULL),
(362, 'S&D (564) SD Jepara', '', 'SD Jepara', 2, NULL, NULL, NULL, NULL, NULL, NULL, NULL, NULL, NULL, NULL),
(363, 'S&D (565) SD Kupang', '', 'SD Kupang', 2, NULL, NULL, NULL, NULL, NULL, NULL, NULL, NULL, NULL, NULL),
(364, 'S&D (566) KGA Permai', '', 'KGA Permai', 2, NULL, NULL, NULL, NULL, NULL, NULL, NULL, NULL, NULL, NULL),
(365, 'S&D (567) SD Supriyadi', '', 'SD Supriyadi', 2, NULL, NULL, NULL, NULL, NULL, NULL, NULL, NULL, NULL, NULL),
(366, 'S&D (568) SD Kosasih', '', 'SD Kosasih', 2, NULL, NULL, NULL, NULL, NULL, NULL, NULL, NULL, NULL, NULL),
(367, 'S&D (569) SD Imam Bonjol', '', 'SD Imam Bonjol', 2, NULL, NULL, NULL, NULL, NULL, NULL, NULL, NULL, NULL, NULL),
(368, 'S&D (570) SD Tidar', '', 'SD Tidar', 2, NULL, NULL, NULL, NULL, NULL, NULL, NULL, NULL, NULL, NULL),
(369, 'S&D (571) SD Modernland', '', 'SD Modernland', 2, NULL, NULL, NULL, NULL, NULL, NULL, NULL, NULL, NULL, NULL),
(370, 'S&D (572) SD Peta Barat', '', 'SD Peta Barat', 2, NULL, NULL, NULL, NULL, NULL, NULL, NULL, NULL, NULL, NULL),
(371, 'S&D (573) SD Cipulir', '', 'SD Cipulir', 2, NULL, NULL, NULL, NULL, NULL, NULL, NULL, NULL, NULL, NULL),
(372, 'S&D (576) SD MERR', '', 'SD MERR', 2, NULL, NULL, NULL, NULL, NULL, NULL, NULL, NULL, NULL, NULL),
(373, 'S&D (577) SD Dharma Husada', '', 'SD Dharma Husada', 2, NULL, NULL, NULL, NULL, NULL, NULL, NULL, NULL, NULL, NULL),
(374, 'S&D (578) SD Padasuka Baru', '', 'SD Padasuka Baru', 2, NULL, NULL, NULL, NULL, NULL, NULL, NULL, NULL, NULL, NULL),
(375, 'S&D (579) SD Abdul Halim', '', 'SD Abdul Halim', 2, NULL, NULL, NULL, NULL, NULL, NULL, NULL, NULL, NULL, NULL),
(376, 'S&D (6001) Raden Patah (Shop and Bike)', '', 'Raden Patah (Shop and Bike)', 2, NULL, NULL, NULL, NULL, NULL, NULL, NULL, NULL, NULL, NULL),
(377, 'Motor Quick', '', '', 2, NULL, NULL, NULL, NULL, NULL, NULL, NULL, NULL, NULL, NULL),
(378, 'ARMA', '', 'Jakarta', 3, NULL, NULL, NULL, NULL, NULL, NULL, NULL, NULL, NULL, NULL),
(379, 'IT', '', 'Jakarta', 3, NULL, NULL, NULL, NULL, NULL, NULL, NULL, NULL, NULL, NULL),
(380, 'S&D (537) Samanhudi baru (pengganti), Jakarta', NULL, 'Jakarta', 2, NULL, NULL, NULL, NULL, NULL, NULL, NULL, NULL, NULL, NULL);

-- --------------------------------------------------------

--
-- Table structure for table `master_karyawan`
--

CREATE TABLE `master_karyawan` (
  `idkaryawan` int(11) NOT NULL,
  `npk_karyawan` varchar(45) DEFAULT NULL,
  `karyawancol` varchar(45) DEFAULT NULL,
  `inisial_karyawan` varchar(45) DEFAULT NULL,
  `departemen_iddepartemen` int(11) NOT NULL,
  `jabatan_idjabatan` int(11) NOT NULL,
  `status_karyawan_idstatus_karyawan` int(11) NOT NULL
) ENGINE=InnoDB DEFAULT CHARSET=latin1;

--
-- Dumping data for table `master_karyawan`
--

INSERT INTO `master_karyawan` (`idkaryawan`, `npk_karyawan`, `karyawancol`, `inisial_karyawan`, `departemen_iddepartemen`, `jabatan_idjabatan`, `status_karyawan_idstatus_karyawan`) VALUES
(1, '6282', 'Suryaningrum', 'SUR', 6, 1, 1),
(2, '1831', 'Arip Saripudin', 'ASA', 1, 2, 1),
(3, '2315', 'Dian Eka Putri. S', 'DEP', 2, 2, 1),
(4, '4048', 'Bagus Ade Saputra', 'BAS', 4, 3, 1),
(5, '4191', 'Fachri Uwais', 'FUW', 1, 3, 1),
(6, '4309', 'Maurina Dwiyanthi', 'MDW', 2, 3, 1),
(7, '4768', 'Khoirotun Nisa', 'KNI', 2, 3, 1),
(8, '5038', 'Ardie Christ Partahan', 'ACP', 1, 3, 1),
(9, '5864', 'Clara Setyowati', 'CSE', 1, 3, 1),
(10, '6378', 'Meivina Cintalia', 'MCI', 2, 3, 1),
(11, '5125', 'Mutia Ulfa', 'MUL', 4, 3, 1),
(12, '6374', 'Andry Arico', 'AAR', 2, 3, 1),
(13, '6653', 'Puput Marini Zakirah', 'PMZ', 6, 3, 1),
(14, '6542', 'Arifika Primada Muflichan', 'ARM', 4, 3, 1),
(15, '', 'Astrid', 'ACI', 5, 4, 1),
(16, '', 'Rizki Abdul Aziz', 'RAA', 1, 4, 1),
(17, '', 'Sopan Sofyan', 'SOP', 2, 4, 1),
(18, '', 'Nabil', 'NBL', 1, 4, 1),
(19, '584', 'Rufnialfian', 'RUF', 5, 2, 1),
(20, '2202', 'Susanto', 'SUS', 5, 3, 1),
(21, '4602', 'Silvia Monica', 'SMS', 5, 3, 1),
(22, '', 'Herindra ', 'HER', 3, 2, 1),
(23, '', 'Kevin', 'KEV', 1, 3, 1);

-- --------------------------------------------------------

--
-- Table structure for table `master_scope`
--

CREATE TABLE `master_scope` (
  `idscope` int(11) NOT NULL,
  `scopecol` varchar(45) DEFAULT NULL
) ENGINE=InnoDB DEFAULT CHARSET=latin1;

--
-- Dumping data for table `master_scope`
--

INSERT INTO `master_scope` (`idscope`, `scopecol`) VALUES
(1, 'Project Management'),
(2, 'PPIC'),
(3, 'Finance & Accounting'),
(4, 'Purchasing'),
(5, 'Human Resources'),
(6, 'General Affair'),
(7, 'Marketing & Sales'),
(8, 'Export'),
(9, 'Import'),
(10, 'Operational Function'),
(11, 'Administrative Function'),
(12, 'Application Control'),
(13, 'General Control'),
(14, 'Others'),
(15, 'Tax');

-- --------------------------------------------------------

--
-- Table structure for table `master_status`
--

CREATE TABLE `master_status` (
  `idstatus` int(11) NOT NULL,
  `statuscol` varchar(45) DEFAULT NULL,
  `inisial_status` varchar(4) DEFAULT NULL
) ENGINE=InnoDB DEFAULT CHARSET=latin1;

--
-- Dumping data for table `master_status`
--

INSERT INTO `master_status` (`idstatus`, `statuscol`, `inisial_status`) VALUES
(1, 'Not Yet Due', 'NY'),
(2, 'In Progress', 'IP'),
(3, 'Close', 'Cs'),
(4, 'Complete', 'Co'),
(5, 'Cancel', 'Cc');

-- --------------------------------------------------------

--
-- Table structure for table `master_task`
--

CREATE TABLE `master_task` (
  `idtask` int(11) NOT NULL,
  `taskcol` varchar(45) DEFAULT NULL,
  `inisial_task` varchar(45) DEFAULT NULL,
  `roottask_idroottask` int(11) NOT NULL
) ENGINE=InnoDB DEFAULT CHARSET=latin1;

--
-- Dumping data for table `master_task`
--

INSERT INTO `master_task` (`idtask`, `taskcol`, `inisial_task`, `roottask_idroottask`) VALUES
(1, 'Assigment Letter', 'AL', 1),
(2, 'Planning / Desk Analyst', 'DA', 1),
(3, 'Opening / Kick Off', 'OP', 1),
(4, 'Plan Tour', 'PT', 2),
(5, 'Observation / Walkthrough', 'OB', 2),
(6, 'Mapping Process', 'MP', 2),
(7, 'Risk Identification', 'RI', 3),
(8, 'Audit Program', 'AP', 3),
(9, 'Test of Control / Risk Analysist', 'TC', 3),
(10, 'Subtantive Test', 'ST', 3),
(11, 'Draft Report', 'DR', 4),
(12, 'Confirmation', 'CO', 4),
(13, 'Closing', 'CL', 4),
(14, 'Report Finalisation', 'RF', 4),
(15, 'Issued Report', 'IR', 4);

-- --------------------------------------------------------

--
-- Table structure for table `project`
--

CREATE TABLE `project` (
  `idproject` int(11) NOT NULL,
  `projectcol` varchar(45) DEFAULT NULL,
  `lineproject` int(11) DEFAULT NULL,
  `civitas_idcivitas` int(11) NOT NULL,
  `master_activity_idactivity` tinyint(4) NOT NULL,
  `risk_factore_idrisk_factore` int(11) DEFAULT NULL,
  `audit_grading_idaudit_grading` int(11) DEFAULT NULL,
  `status_idstatus` int(11) NOT NULL,
  `startmonth` date DEFAULT NULL,
  `endmonth` date DEFAULT NULL,
  `act_month_start` date DEFAULT NULL,
  `act_month_end` date DEFAULT NULL,
  `create_date` datetime DEFAULT NULL,
  `mod_date` datetime DEFAULT NULL
) ENGINE=InnoDB DEFAULT CHARSET=latin1;

--
-- Dumping data for table `project`
--

INSERT INTO `project` (`idproject`, `projectcol`, `lineproject`, `civitas_idcivitas`, `master_activity_idactivity`, `risk_factore_idrisk_factore`, `audit_grading_idaudit_grading`, `status_idstatus`, `startmonth`, `endmonth`, `act_month_start`, `act_month_end`, `create_date`, `mod_date`) VALUES
(1, 'EDC', 0, 8, 1, 4, 4, 4, '2018-02-12', '2018-04-03', '2018-02-12', '2018-05-15', NULL, NULL),
(2, 'EDC', 0, 8, 2, 4, 4, 4, '2018-02-12', '2018-04-03', '2018-02-12', '2018-05-15', NULL, NULL),
(3, 'Winteq', 0, 5, 1, 4, 4, 4, '2018-03-15', '2018-05-22', '2018-03-15', '2018-07-04', NULL, NULL),
(4, 'Winteq', 0, 5, 2, 4, 4, 4, '2018-03-15', '2018-05-22', '2018-03-15', '2018-07-04', NULL, NULL),
(5, 'Evoty', 0, 29, 3, 4, 4, 4, '2017-11-02', '2017-12-22', '2017-11-02', '2018-03-21', NULL, NULL),
(6, 'Application Mapping', 0, 378, 4, 4, 4, 4, '2018-01-30', '2018-02-05', '2018-01-30', '2018-02-05', NULL, NULL),
(8, 'Pakoakuina', 0, 21, 1, 4, 4, 4, '2018-05-23', '2018-08-06', '2018-05-17', '2018-10-16', NULL, NULL),
(9, 'Pakoakuina', 0, 21, 2, 4, 4, 4, '2018-05-23', '2018-08-06', '2018-05-17', '2018-10-16', NULL, NULL),
(10, 'AJI', 0, 28, 1, 4, 4, 4, '2018-05-18', '2018-07-25', '2018-05-16', '2018-11-09', NULL, NULL),
(11, 'AJS', 0, 12, 1, 4, 4, 4, '2018-08-08', '2018-10-24', '2018-08-08', '2018-12-17', NULL, NULL),
(12, 'AJS', 0, 12, 2, 4, 4, 4, '2018-08-08', '2018-10-24', '2018-08-08', '2018-12-17', NULL, NULL),
(13, 'International', 0, 6, 1, 4, 4, 4, '2018-09-05', '2018-10-24', '2018-08-08', '2018-12-14', NULL, NULL),
(14, 'International', 0, 6, 2, 4, 4, 4, '2018-09-05', '2018-10-24', '2018-08-08', '2018-12-14', NULL, NULL),
(15, 'CBI', 0, 17, 1, 4, 4, 3, '2018-09-01', '2018-10-26', '2018-12-07', '2018-12-17', NULL, NULL),
(16, 'CBI', 0, 17, 2, 4, 4, 3, '2018-09-01', '2018-10-26', '2018-12-07', '2018-12-17', NULL, NULL),
(17, 'Senantiasa Makmur', 0, 11, 1, 4, 4, 2, '2018-11-23', '2018-01-27', '2018-11-23', NULL, NULL, NULL),
(18, 'Senantiasa Makmur', 0, 11, 2, 4, 4, 2, '2018-11-23', '2018-01-27', '2018-11-23', NULL, NULL, NULL),
(19, 'Logistic', 0, 2, 1, 4, 4, 4, '2018-07-05', '2018-09-07', '2018-07-29', '2018-12-11', NULL, NULL),
(20, 'Logistic', 0, 2, 2, 4, 4, 4, '2018-07-05', '2018-09-07', '2018-07-29', '2018-12-11', NULL, NULL),
(21, 'ADASI', 0, 18, 1, 4, 4, 2, '2018-11-13', '2018-01-21', '2018-11-04', NULL, NULL, NULL),
(22, 'ADASI', 0, 18, 2, 4, 4, 2, '2018-11-13', '2018-01-21', '2018-11-04', NULL, NULL, NULL),
(23, 'PENTEST E-COMMERCE', 0, 379, 1, 4, 4, 4, '2018-09-17', '2018-09-28', '2018-09-14', '2018-10-01', NULL, NULL),
(24, 'FOLLOW UP CYBER', 0, 379, 1, 4, 4, 4, '2018-09-17', '2018-09-28', '2018-09-14', '2018-09-01', NULL, NULL),
(25, 'SO SERPONG', 0, 65, 1, 4, 4, 2, '2018-10-29', '2018-10-02', '2018-12-04', NULL, NULL, NULL),
(26, 'SO DENPASAR', 0, 62, 1, 4, 4, 4, '2018-08-13', '2018-08-31', '2018-08-13', '2018-08-31', NULL, NULL),
(27, 'DEPO DENPASAR', 0, 45, 1, 4, 4, 4, '2018-08-13', '2018-08-31', '2018-08-13', '2018-08-31', NULL, NULL),
(28, 'SO Bogor', 0, 58, 1, 4, 4, 3, '2018-10-22', '2018-10-26', '2018-12-04', '2018-12-13', NULL, NULL),
(29, 'SO Selatan', 0, 56, 1, 4, 4, 2, '2018-10-29', '2018-11-02', '2018-12-04', NULL, NULL, NULL),
(30, 'S&D Kelapa Gading', 0, 82, 1, 4, 4, 4, '2018-02-12', '2018-02-16', '2018-02-26', '2018-05-02', NULL, NULL),
(31, 'S&D PAJAJARAN BOGOR', 0, 93, 1, 4, 4, 4, '2018-09-15', '2018-10-19', '2018-05-08', '2018-12-14', NULL, NULL),
(32, 'S&D ARTA GADING2', 0, 136, 1, 4, 4, 4, '2018-02-12', '2018-02-16', '2018-02-26', '2018-05-02', NULL, NULL),
(33, 'S&D S. ISKANDAR BOGOR', 0, 115, 1, 4, 4, 4, '2018-09-15', '2018-10-19', '2018-05-08', '2018-05-29', NULL, NULL),
(34, 'S&D RADIO DALAM JAKSEL', 0, 118, 1, 4, 4, 4, '2018-02-19', '2018-02-23', '2018-05-25', '2018-05-29', NULL, NULL),
(35, 'S&D VETERAN BINTARO', 0, 142, 1, 4, 4, 4, '2018-04-02', '2018-04-06', '2018-05-25', '2018-05-29', NULL, NULL),
(36, 'S&D NEW TAMAN RATU', 0, 182, 1, 4, 4, 4, '2018-04-02', '2018-04-06', '2018-05-25', '2018-05-29', NULL, NULL),
(37, 'S&D MARGONDA 3', 0, 252, 1, 4, 4, 4, '2018-04-09', '2018-04-13', '2018-05-25', '2018-05-29', NULL, NULL),
(38, 'S&D Raden Patah (Shop and Bike)', 0, 376, 1, 4, 4, 4, '2018-04-09', '2018-04-13', '2018-05-25', '2018-05-29', NULL, NULL),
(39, 'S&D INDUSTRI JKT', 0, 144, 1, 4, 4, 4, '2018-04-16', '2018-04-20', '2018-08-13', '2018-08-31', NULL, NULL),
(40, 'S&D WARUNG BUNCIT', 0, 288, 1, 4, 4, 4, '2018-04-16', '2018-04-20', '2018-05-25', '2018-05-29', NULL, NULL),
(41, 'S&D W MONGINSIDI', 0, 128, 1, 4, 4, 4, '2018-04-23', '2018-04-27', '2018-05-25', '2018-05-29', NULL, NULL),
(42, 'S&D PURI KEMBANGAN', 0, 148, 1, 4, 4, 4, '2018-04-23', '2018-04-27', '2018-05-25', '2018-05-29', NULL, NULL),
(43, 'S&D Pahlawan', 0, 240, 1, 4, 4, 4, '2018-09-15', '2018-10-19', '2018-05-08', '2018-05-29', NULL, NULL),
(44, 'S&D Pondok Kacang', 0, 275, 1, 4, 4, 4, '2018-02-19', '2018-08-23', '2018-05-25', '2018-05-29', NULL, NULL),
(46, 'S&D Jombang', 0, 257, 1, 4, 4, 4, '2018-05-25', '2018-05-29', '2018-05-25', '2018-05-29', NULL, NULL),
(47, 'S&D SAMANHUDI JKT', 0, 380, 1, 4, 4, 4, '2018-08-13', '2018-08-31', '2018-08-13', '2018-08-31', NULL, NULL),
(48, 'S&D Tajur', 0, 149, 1, 4, 4, 4, '2018-05-08', '2018-05-12', '2018-05-08', '2018-05-12', NULL, NULL),
(49, 'S&D Tebet', 0, 84, 1, 4, 4, 4, '2018-08-13', '2018-08-31', '2018-08-13', '2018-08-31', NULL, NULL),
(50, 'S&D Gunung Agung', 0, 347, 1, 4, 4, 4, '2018-08-13', '2018-08-31', '2018-08-13', '2018-08-31', NULL, NULL),
(51, 'S&D Sesetan', 0, 311, 1, 4, 4, 4, '2018-08-13', '2018-08-31', '2018-08-13', '2018-08-31', NULL, NULL),
(52, 'S&D Imam Bonjol', 0, 367, 1, 4, 4, 4, '2018-08-13', '2018-08-31', '2018-08-13', '2018-08-31', NULL, NULL),
(53, 'S&D Teuku Umar', 0, 123, 1, 4, 4, 4, '2018-08-13', '2018-08-31', '2018-08-13', '2018-08-31', NULL, NULL),
(54, 'S&D Nusa Dua Bali', 0, 217, 1, 4, 4, 4, '2018-08-13', '2018-08-31', '2018-08-13', '2018-08-31', NULL, NULL),
(55, 'S&D Gatot Subroto', 0, 83, 1, 4, 4, 4, '2018-08-13', '2018-08-31', '2018-08-13', '2018-08-31', NULL, NULL),
(56, 'S&D Diponegoro Denpasar', 0, 163, 1, 4, 4, 4, '2018-08-13', '2018-08-31', '2018-08-13', '2018-08-31', NULL, NULL),
(58, 'Mapping Aplikasi Afco', 0, 379, 3, 4, 4, 4, '2018-02-01', '2018-02-07', '2018-01-30', '2018-04-30', NULL, NULL),
(59, 'CBI', 0, 17, 3, 4, 4, 4, '2018-07-01', '2018-07-16', '2018-07-01', '2018-07-16', NULL, NULL),
(62, 'Key Risk Indicator  (AI AOP Join Project)  : ', 0, 378, 2, 4, 4, 4, '2018-07-03', '2018-07-03', '2018-07-03', '2018-07-03', NULL, NULL),
(63, 'RM Self Assessment', 0, 378, 2, 4, 4, 4, '2018-07-03', '2018-07-03', '2018-07-03', '2018-07-03', NULL, NULL),
(70, 'PT Menara Terus Makmur', 0, 10, 1, 4, 6, 1, '2019-03-01', '2019-04-30', NULL, NULL, NULL, NULL),
(71, 'PT Menara Terus Makmur', 0, 10, 2, 4, 6, 1, '2019-03-01', '2019-04-30', NULL, NULL, NULL, NULL),
(72, 'PT GS Battery', 0, 23, 1, 4, 6, 1, '2019-03-01', '2019-04-30', NULL, NULL, NULL, NULL),
(73, 'PT GS Battery', 0, 23, 2, 4, 6, 1, '2019-03-01', '2019-04-30', NULL, NULL, NULL, NULL),
(74, 'PT Astra Akebono Brake Indonesia', 0, 26, 1, 4, 6, 1, '2019-05-01', '2019-07-12', NULL, NULL, NULL, NULL),
(75, 'PT Astra Akebono Brake Indonesia', 0, 26, 2, 4, 6, 1, '2019-05-01', '2019-07-12', NULL, NULL, NULL, NULL),
(76, 'PT AOP Divisi Nusa Metal', 0, 3, 1, 4, 6, 1, '2019-05-01', '2019-07-12', NULL, NULL, NULL, NULL),
(77, 'PT AOP Divisi Nusa Metal', 0, 3, 2, 4, 6, 1, '2019-05-01', '2019-07-12', NULL, NULL, NULL, NULL),
(78, 'PT Federal Izumi Manufacturing', 0, 19, 1, 4, 6, 1, '2019-08-12', '2019-10-18', NULL, NULL, NULL, NULL),
(79, 'PT Federal Izumi Manufacturing', 0, 19, 2, 4, 6, 1, '2019-08-12', '2019-10-18', NULL, NULL, NULL, NULL),
(80, 'PT Nusa Keihin Indonesia', 0, 20, 1, 4, 6, 1, '2019-08-12', '2019-10-18', NULL, NULL, NULL, NULL),
(81, 'PT AOP Divisi Retail', 0, 7, 1, 4, 6, 1, '2019-05-01', '2019-07-12', NULL, NULL, NULL, NULL),
(82, 'PT AOP Divisi Retail', 0, 7, 2, 4, 6, 1, '2019-05-01', '2019-07-12', NULL, NULL, NULL, NULL),
(83, 'PT SKF (Non Grading)', 0, 41, 1, 4, 6, 1, '2019-08-12', '2019-10-19', NULL, NULL, NULL, NULL),
(84, 'Horizontal Review TAX VI', 0, 378, 1, 4, 6, 1, '2019-07-15', '2019-08-12', NULL, NULL, NULL, NULL),
(85, 'Horizontal Review TAX ASKI', 0, 378, 1, 4, 6, 1, '2019-07-15', '2019-08-12', NULL, NULL, NULL, NULL),
(86, 'Horizontal Review TAX ANGI', 0, 378, 1, 4, 6, 1, '2019-07-15', '2019-08-12', NULL, NULL, NULL, NULL),
(87, 'Horizontal Review TAX API', 0, 378, 1, 4, 6, 1, '2019-07-15', '2019-08-12', NULL, NULL, NULL, NULL),
(88, 'Horizontal Review TAX IKP', 0, 378, 1, 4, 6, 1, '2019-07-15', '2019-08-12', NULL, NULL, NULL, NULL),
(89, 'Horizontal Review TAX AWP', 0, 378, 1, 4, 6, 1, '2019-07-15', '2019-08-12', NULL, NULL, NULL, NULL),
(90, 'Horizontal Review BAAN Kayaba Indo', 0, 378, 1, 4, 6, 1, '2019-01-28', '2019-03-22', NULL, NULL, NULL, NULL),
(91, 'Horizontal Review BAAN FSCM', 0, 378, 1, 4, 6, 1, '2019-01-28', '2019-03-22', NULL, NULL, NULL, NULL),
(92, 'SO SBY TIMUR', 0, 53, 1, 4, 6, 1, '2019-10-21', '2019-10-31', NULL, NULL, NULL, NULL),
(93, 'SO SBY BARAT', 0, 72, 1, 4, 6, 1, '2019-10-21', '2019-10-31', NULL, NULL, NULL, NULL),
(94, 'SO MALANG', 0, 70, 1, 4, 6, 1, '2019-10-21', '2019-10-31', NULL, NULL, NULL, NULL),
(95, 'SO KEDIRI', 0, 66, 1, 4, 6, 1, '2019-10-21', '2019-10-31', NULL, NULL, NULL, NULL),
(96, 'SO MADIUN', 0, 64, 1, 4, 6, 1, '2019-10-21', '2019-10-31', NULL, NULL, NULL, NULL),
(97, 'SO JEMBER', 0, 68, 1, 4, 6, 1, '2019-10-21', '2019-10-31', NULL, NULL, NULL, NULL),
(98, 'RDC SIDOARJO', 0, 43, 1, 4, 6, 1, '2019-10-21', '2019-10-31', NULL, NULL, NULL, NULL),
(99, 'DC JEMBER', 0, 49, 1, 4, 6, 1, '2019-10-21', '2019-10-31', NULL, NULL, NULL, NULL),
(100, 'S&D (442) Cipondoh Baru', 0, 101, 1, 4, 6, 1, '2019-02-01', '2019-02-08', NULL, NULL, NULL, NULL),
(101, 'S&D (350) PANTAI INDAH KAPUK', 0, 119, 1, 4, 6, 1, '2019-02-01', '2019-02-08', NULL, NULL, NULL, NULL),
(102, 'S&D (530) PCETAKN BR', 0, 121, 1, 4, 6, 1, '2019-02-01', '2019-02-08', NULL, NULL, NULL, NULL),
(103, 'S&D (226) CIDENG', 0, 131, 1, 4, 6, 1, '2019-02-01', '2019-02-08', NULL, NULL, NULL, NULL),
(104, 'S&D (269) KEBAYORAN LAMA', 0, 140, 1, 4, 6, 1, '2019-02-11', '2019-02-15', NULL, NULL, NULL, NULL),
(105, 'S&D (331) DERMAGA JAKTIM', 0, 146, 1, 4, 6, 1, '2019-02-11', '2019-02-15', NULL, NULL, NULL, NULL),
(106, 'S&D (339) PONDOK PINANG JAKSEL', 0, 146, 1, 4, 6, 1, '2019-02-11', '2019-02-15', NULL, NULL, NULL, NULL),
(107, 'S&D (407) Cipinang Jaya', 0, 160, 1, 4, 6, 1, '2019-02-11', '2019-02-15', NULL, NULL, NULL, NULL),
(108, 'S&D (358) JABABEKA CIKARANG', 0, 110, 1, 4, 6, 1, '2019-02-11', '2019-02-15', NULL, NULL, NULL, NULL),
(109, 'S&D (387) Lippo Cikarang', 0, 150, 1, 4, 6, 1, '2019-02-18', '2019-02-22', NULL, NULL, NULL, NULL),
(110, 'S&D (232) BENHIL', 0, 79, 1, 4, 6, 1, '2019-02-18', '2019-02-22', NULL, NULL, NULL, NULL),
(111, 'S&D (53) FATMAWATI', 0, 77, 1, 4, 6, 1, '2019-02-18', '2019-02-22', NULL, NULL, NULL, NULL),
(112, 'S&D (184) CIBUBUR', 0, 78, 1, 4, 6, 1, '2019-02-18', '2019-02-22', NULL, NULL, NULL, NULL),
(113, 'S&D (59) P KELAPA', 0, 91, 1, 4, 6, 1, '2019-02-18', '2019-02-22', NULL, NULL, NULL, NULL),
(114, 'S&D (278) DEWI SARTIKA', 0, 278, 1, 4, 6, 1, '2019-02-25', '2019-03-01', NULL, NULL, NULL, NULL),
(115, 'S&D (191) GARUDA', 0, 92, 1, 4, 6, 1, '2019-02-25', '2019-03-01', NULL, NULL, NULL, NULL),
(116, 'S&D (73) HIBRIDA', 0, 111, 1, 4, 6, 1, '2019-02-25', '2019-03-01', NULL, NULL, NULL, NULL),
(117, 'S&D (238) KEBON JERUK', 0, 138, 1, 4, 6, 1, '2019-02-25', '2019-03-01', NULL, NULL, NULL, NULL),
(118, 'S&D (272) ANTASARI', 0, 99, 1, 4, 6, 1, '2019-11-04', '2019-11-08', NULL, NULL, NULL, NULL),
(119, 'S&D (280) KENTEN', 0, 106, 1, 4, 6, 1, '2019-11-04', '2019-11-08', NULL, NULL, NULL, NULL),
(120, 'S&D (315) GAJAH MADA PONTIANAK', 0, 107, 1, 4, 6, 1, '2019-11-04', '2019-11-08', NULL, NULL, NULL, NULL),
(121, 'S&D (263) WAHIDIN', 0, 97, 1, 4, 6, 1, '2019-11-04', '2019-11-08', NULL, NULL, NULL, NULL),
(122, 'S&D (200) NGINDEN', 0, 87, 1, 4, 6, 1, '2019-10-21', '2019-10-25', NULL, NULL, NULL, NULL),
(123, 'S&D (201) TROPODO', 0, 105, 1, 4, 6, 1, '2019-10-21', '2019-10-25', NULL, NULL, NULL, NULL),
(124, 'S&D (421) Soeta', 0, 89, 1, 4, 6, 1, '2019-10-21', '2019-10-25', NULL, NULL, NULL, NULL),
(125, 'S&D (214) MULYOSARI', 0, 113, 1, 4, 6, 1, '2019-10-21', '2019-10-25', NULL, NULL, NULL, NULL),
(126, 'S&D (293) PAHLAWAN SIDOARJO', 0, 117, 1, 4, 6, 1, '2019-10-21', '2019-10-25', NULL, NULL, NULL, NULL),
(127, 'S&D (189) KENDANG SARI', 0, 125, 1, 4, 6, 1, '2019-10-21', '2019-10-25', NULL, NULL, NULL, NULL),
(128, 'S&D(198) GUNUNGSARI', 0, 180, 1, 4, 6, 1, '2019-10-28', '2019-11-01', NULL, NULL, NULL, NULL),
(129, 'S&D (282) K. KRAMPUNG', 0, 199, 1, 4, 6, 1, '2019-10-28', '2019-11-01', NULL, NULL, NULL, NULL),
(130, 'S&D (245) DHARMAWANGSA', 0, 291, 1, 4, 6, 1, '2019-10-28', '2019-11-01', NULL, NULL, NULL, NULL),
(131, 'S&D (500) Lidah Wetan', 0, 338, 1, 4, 6, 1, '2019-10-28', '2019-11-01', NULL, NULL, NULL, NULL),
(132, 'S&D (529) Wiyung BR', 0, 339, 1, 4, 6, 1, '2019-10-28', '2019-11-01', NULL, NULL, NULL, NULL),
(133, 'S&D (513) Gedangan', 0, 334, 1, 4, 6, 1, '2019-10-28', '2019-11-01', NULL, NULL, NULL, NULL),
(134, 'S&D (401) A. Yani', 0, 159, 1, 4, 6, 1, '2019-11-04', '2019-11-08', NULL, NULL, NULL, NULL),
(135, 'Moto Quick', 0, 377, 3, 4, 6, 1, '2019-08-12', '2019-10-11', NULL, NULL, NULL, NULL),
(136, 'Finalisasi guidance risk assesment', 0, 378, 2, 4, 6, 1, NULL, NULL, NULL, NULL, NULL, NULL),
(137, 'Top Risk Integration(compiling top risk from ', 0, 378, 2, 4, 6, 1, NULL, NULL, NULL, NULL, NULL, NULL),
(138, 'Advisory  top risk di affco', 0, 378, 2, 4, 6, 1, NULL, NULL, NULL, NULL, NULL, NULL),
(139, 'Key Risk Indicator   ', 0, 378, 2, 4, 6, 1, NULL, NULL, NULL, NULL, NULL, NULL),
(140, 'BCP Update-AOP HO', 0, 378, 2, 4, 6, 1, NULL, NULL, NULL, NULL, NULL, NULL),
(141, 'BCP Developmemt (piloting)', 0, 378, 2, 4, 6, 1, NULL, NULL, NULL, NULL, NULL, NULL),
(142, 'Risk Assesment SO & SD', 0, 378, 2, 4, 6, 1, NULL, NULL, NULL, NULL, NULL, NULL),
(143, 'PT Evoluzione Tyre', 0, 29, 4, 4, 6, 1, '2019-01-01', '2019-01-31', NULL, NULL, NULL, NULL),
(144, 'PT AOP DIV EDC', 0, 8, 4, 4, 6, 1, '2019-02-25', '2019-03-01', NULL, NULL, NULL, NULL),
(145, 'PT Pakoakuina', 0, 21, 4, 4, 6, 1, '2019-08-12', '2019-08-16', NULL, NULL, NULL, NULL),
(146, 'PT ADASI', 0, 18, 4, 4, 6, 1, '2019-08-05', '2019-08-09', NULL, NULL, NULL, NULL),
(147, 'PT AJS', 0, 12, 4, 4, 6, 1, '2019-08-05', '2019-08-09', NULL, NULL, NULL, NULL),
(148, 'PT Metalart Astra Indonesia', 0, 40, 4, 4, 6, 1, '2019-07-15', '2019-07-19', NULL, NULL, NULL, NULL),
(149, 'PT Century Batteries Indonesia', 0, 17, 4, 4, 6, 1, '2019-07-22', '2019-07-26', NULL, NULL, NULL, NULL),
(150, 'PT SM', 0, 11, 4, 4, 6, 1, '2019-07-22', '2019-07-26', NULL, NULL, NULL, NULL),
(151, 'Div International', 0, 6, 4, 4, 6, 1, '2019-07-15', '2019-07-19', NULL, NULL, NULL, NULL),
(152, 'Audit Program Manufacture', 0, 378, 4, 4, 6, 1, '2019-01-28', '2019-02-28', NULL, NULL, NULL, NULL),
(153, 'Audit Program SD', 0, 378, 4, 4, 6, 1, '2019-02-18', '2019-03-01', NULL, NULL, NULL, NULL),
(154, 'Finalisasi Audit Manual & Administratif', 0, 378, 4, 4, 6, 1, '2019-01-01', '2019-01-31', NULL, NULL, NULL, NULL),
(155, 'CA Manufactur', 0, 378, 4, 4, 6, 1, '2019-03-01', '2019-04-30', NULL, NULL, NULL, NULL),
(156, 'CA SO & SD', 0, 378, 4, 4, 6, 1, '2019-03-01', '2019-04-30', NULL, NULL, NULL, NULL),
(157, 'Pembekalan Risk Champion', 0, 378, 4, 4, 6, 1, '2019-01-14', '2019-01-18', NULL, NULL, NULL, NULL),
(158, 'Project Monitoring System', 0, 378, 4, 4, 6, 1, '2019-01-01', '2019-01-18', NULL, NULL, NULL, NULL);

--
-- Triggers `project`
--
DELIMITER $$
CREATE TRIGGER `project_has_task` AFTER INSERT ON `project` FOR EACH ROW INSERT INTO `project_has_master_task`(`project_idproject`, `master_task_idtask`, `est_datestart`, `est_dateend`, `act_datestart`, `act_dateend`, `create_date_task`, `mod_date_task`) VALUES (new.idproject,'1',NULL,NULL,NULL,NULL,NOW(),NULL),
(new.idproject,'2',NULL,NULL,NULL,NULL,NOW(),NULL),
(new.idproject,'3',NULL,NULL,NULL,NULL,NOW(),NULL),
(new.idproject,'4',NULL,NULL,NULL,NULL,NOW(),NULL),
(new.idproject,'5',NULL,NULL,NULL,NULL,NOW(),NULL),
(new.idproject,'6',NULL,NULL,NULL,NULL,NOW(),NULL),
(new.idproject,'7',NULL,NULL,NULL,NULL,NOW(),NULL),
(new.idproject,'8',NULL,NULL,NULL,NULL,NOW(),NULL),
(new.idproject,'9',NULL,NULL,NULL,NULL,NOW(),NULL),
(new.idproject,'10',NULL,NULL,NULL,NULL,NOW(),NULL),
(new.idproject,'11',NULL,NULL,NULL,NULL,NOW(),NULL),
(new.idproject,'12',NULL,NULL,NULL,NULL,NOW(),NULL),
(new.idproject,'13',NULL,NULL,NULL,NULL,NOW(),NULL),
(new.idproject,'14',NULL,NULL,NULL,NULL,NOW(),NULL),
(new.idproject,'15',NULL,NULL,NULL,NULL,NOW(),NULL)
$$
DELIMITER ;

-- --------------------------------------------------------

--
-- Table structure for table `project_has_master_karyawan`
--

CREATE TABLE `project_has_master_karyawan` (
  `project_idproject` int(11) NOT NULL,
  `master_karyawan_idkaryawan` int(11) NOT NULL,
  `responsibility_idresponsibility` int(11) DEFAULT NULL
) ENGINE=InnoDB DEFAULT CHARSET=latin1;

--
-- Dumping data for table `project_has_master_karyawan`
--

INSERT INTO `project_has_master_karyawan` (`project_idproject`, `master_karyawan_idkaryawan`, `responsibility_idresponsibility`) VALUES
(1, 3, 1),
(2, 19, 1),
(3, 2, 1),
(4, 19, 1),
(5, 3, 1),
(6, 3, 1),
(8, 3, 1),
(9, 19, 1),
(10, 3, 1),
(11, 3, 1),
(12, 19, 1),
(13, 3, 1),
(14, 19, 1),
(15, 2, 1),
(16, 19, 1),
(17, 3, 1),
(18, 19, 1),
(19, 2, 1),
(20, 19, 1),
(21, 2, 1),
(22, 19, 1),
(25, 2, 1),
(26, 3, 1),
(27, 3, 1),
(28, 2, 1),
(29, 2, 1),
(30, 2, 1),
(31, 2, 1),
(32, 2, 1),
(33, 2, 1),
(34, 2, 1),
(35, 2, 1),
(36, 2, 1),
(37, 2, 1),
(38, 2, 1),
(39, 2, 1),
(40, 2, 1),
(41, 2, 1),
(42, 2, 1),
(43, 2, 1),
(44, 2, 1),
(46, 2, 1),
(47, 2, 1),
(48, 1, 1),
(49, 2, 1),
(50, 2, 1),
(51, 2, 1),
(52, 2, 1),
(53, 2, 1),
(54, 2, 1),
(55, 2, 1),
(56, 2, 1),
(58, 4, 1),
(59, 4, 1),
(62, 19, 1),
(63, 19, 1),
(70, 2, 1),
(72, 3, 1),
(74, 3, 1),
(76, 22, 1),
(78, 2, 1),
(80, 22, 1),
(81, 2, 1),
(83, 3, 1),
(84, 2, 1),
(85, 2, 1),
(86, 22, 1),
(87, 22, 1),
(88, 3, 1),
(89, 3, 1),
(92, 2, 1),
(93, 2, 1),
(94, 2, 1),
(95, 3, 1),
(96, 3, 1),
(97, 22, 1),
(98, 2, 1),
(99, 22, 1),
(100, 2, 1),
(101, 2, 1),
(102, 2, 1),
(103, 2, 1),
(104, 2, 1),
(105, 2, 1),
(106, 2, 1),
(107, 2, 1),
(108, 2, 1),
(109, 3, 1),
(110, 3, 1),
(111, 3, 1),
(112, 3, 1),
(113, 3, 1),
(114, 3, 1),
(115, 3, 1),
(116, 3, 1),
(117, 3, 1),
(118, 2, 1),
(119, 2, 1),
(120, 2, 1),
(121, 2, 1),
(122, 2, 1),
(123, 2, 1),
(124, 2, 1),
(125, 2, 1),
(126, 2, 1),
(127, 2, 1),
(128, 2, 1),
(129, 2, 1),
(130, 2, 1),
(131, 2, 1),
(132, 2, 1),
(133, 2, 1),
(134, 2, 1),
(135, 2, 1),
(136, 19, 1),
(137, 19, 1),
(138, 19, 1),
(139, 19, 1),
(140, 19, 1),
(141, 19, 1),
(142, 19, 1),
(143, 3, 1),
(144, 3, 1),
(145, 3, 1),
(146, 2, 1),
(147, 3, 1),
(148, 3, 1),
(149, 2, 1),
(150, 3, 1),
(151, 3, 1),
(152, 3, 1),
(152, 22, 1),
(153, 2, 1),
(153, 22, 1),
(154, 3, 1),
(155, 3, 1),
(156, 2, 1),
(157, 19, 1),
(1, 6, 2),
(2, 20, 2),
(3, 5, 2),
(4, 20, 2),
(5, 7, 2),
(6, 6, 2),
(8, 6, 2),
(9, 20, 2),
(10, 22, 2),
(11, 7, 2),
(12, 21, 2),
(13, 6, 2),
(14, 21, 2),
(15, 5, 2),
(16, 20, 2),
(17, 6, 2),
(19, 5, 2),
(20, 20, 2),
(21, 8, 2),
(22, 20, 2),
(23, 4, 2),
(24, 4, 2),
(25, 9, 2),
(26, 6, 2),
(27, 5, 2),
(28, 9, 2),
(29, 9, 2),
(30, 8, 2),
(31, 22, 2),
(32, 9, 2),
(33, 22, 2),
(43, 12, 2),
(46, 9, 2),
(48, 11, 2),
(50, 9, 2),
(51, 7, 2),
(52, 4, 2),
(53, 9, 2),
(54, 7, 2),
(55, 5, 2),
(56, 4, 2),
(58, 23, 2),
(62, 20, 2),
(63, 20, 2),
(70, 8, 2),
(71, 21, 2),
(72, 6, 2),
(73, 20, 2),
(74, 6, 2),
(75, 20, 2),
(76, 7, 2),
(77, 21, 2),
(78, 5, 2),
(79, 21, 2),
(80, 7, 2),
(81, 5, 2),
(82, 21, 2),
(83, 6, 2),
(84, 5, 2),
(85, 8, 2),
(86, 12, 2),
(87, 7, 2),
(88, 6, 2),
(89, 10, 2),
(90, 4, 2),
(91, 14, 2),
(92, 8, 2),
(93, 7, 2),
(94, 5, 2),
(95, 11, 2),
(96, 6, 2),
(97, 15, 2),
(98, 4, 2),
(99, 9, 2),
(100, 9, 2),
(101, 10, 2),
(102, 17, 2),
(103, 15, 2),
(104, 9, 2),
(105, 23, 2),
(106, 17, 2),
(107, 10, 2),
(108, 15, 2),
(109, 9, 2),
(110, 23, 2),
(111, 17, 2),
(112, 10, 2),
(113, 15, 2),
(114, 15, 2),
(115, 17, 2),
(116, 23, 2),
(117, 9, 2),
(118, 17, 2),
(119, 18, 2),
(120, 23, 2),
(121, 15, 2),
(123, 16, 2),
(124, 17, 2),
(125, 23, 2),
(126, 18, 2),
(127, 14, 2),
(129, 16, 2),
(130, 17, 2),
(131, 23, 2),
(132, 18, 2),
(133, 14, 2),
(134, 16, 2),
(135, 8, 2),
(136, 15, 2),
(138, 20, 2),
(140, 20, 2),
(141, 20, 2),
(142, 20, 2),
(143, 7, 2),
(144, 11, 2),
(145, 4, 2),
(146, 11, 2),
(147, 4, 2),
(148, 11, 2),
(149, 11, 2),
(150, 4, 2),
(152, 6, 2),
(153, 5, 2),
(154, 10, 2),
(155, 7, 2),
(156, 5, 2),
(157, 20, 2),
(158, 14, 2),
(1, 4, 3),
(1, 7, 3),
(1, 22, 3),
(1, 23, 3),
(2, 21, 3),
(3, 4, 3),
(3, 8, 3),
(3, 9, 3),
(3, 11, 3),
(4, 21, 3),
(5, 4, 3),
(5, 8, 3),
(5, 11, 3),
(5, 22, 3),
(5, 23, 3),
(6, 7, 3),
(6, 23, 3),
(8, 4, 3),
(8, 7, 3),
(8, 11, 3),
(9, 21, 3),
(10, 11, 3),
(10, 12, 3),
(11, 12, 3),
(13, 9, 3),
(15, 4, 3),
(15, 8, 3),
(15, 10, 3),
(15, 11, 3),
(15, 14, 3),
(17, 4, 3),
(17, 12, 3),
(19, 4, 3),
(19, 8, 3),
(19, 9, 3),
(19, 10, 3),
(19, 14, 3),
(21, 5, 3),
(21, 11, 3),
(21, 14, 3),
(23, 11, 3),
(23, 23, 3),
(24, 23, 3),
(25, 10, 3),
(26, 11, 3),
(27, 13, 3),
(28, 10, 3),
(29, 10, 3),
(48, 7, 3),
(50, 10, 3),
(51, 12, 3),
(52, 14, 3),
(53, 10, 3),
(54, 12, 3),
(55, 13, 3),
(56, 14, 3),
(62, 21, 3),
(63, 21, 3),
(70, 12, 3),
(70, 15, 3),
(70, 23, 3),
(72, 9, 3),
(72, 11, 3),
(72, 16, 3),
(72, 17, 3),
(74, 4, 3),
(74, 10, 3),
(74, 11, 3),
(74, 16, 3),
(74, 17, 3),
(76, 9, 3),
(76, 12, 3),
(76, 18, 3),
(78, 11, 3),
(78, 15, 3),
(78, 23, 3),
(80, 4, 3),
(80, 9, 3),
(80, 12, 3),
(80, 18, 3),
(81, 8, 3),
(81, 14, 3),
(81, 15, 3),
(81, 23, 3),
(83, 10, 3),
(83, 16, 3),
(83, 17, 3),
(84, 16, 3),
(85, 9, 3),
(86, 17, 3),
(87, 15, 3),
(88, 23, 3),
(89, 18, 3),
(95, 7, 3),
(98, 13, 3),
(99, 12, 3),
(102, 23, 3),
(135, 14, 3),
(138, 21, 3),
(140, 21, 3),
(142, 21, 3),
(143, 9, 3),
(143, 23, 3),
(144, 10, 3),
(145, 11, 3),
(145, 14, 3),
(146, 14, 3),
(148, 14, 3),
(149, 14, 3),
(150, 23, 3),
(152, 7, 3),
(152, 12, 3),
(153, 16, 3),
(153, 18, 3),
(155, 4, 3),
(155, 10, 3),
(156, 14, 3),
(156, 18, 3);

-- --------------------------------------------------------

--
-- Table structure for table `project_has_master_scope`
--

CREATE TABLE `project_has_master_scope` (
  `project_idproject` int(11) NOT NULL,
  `master_scope_idscope` int(11) NOT NULL
) ENGINE=InnoDB DEFAULT CHARSET=latin1;

--
-- Dumping data for table `project_has_master_scope`
--

INSERT INTO `project_has_master_scope` (`project_idproject`, `master_scope_idscope`) VALUES
(1, 1),
(1, 2),
(1, 3),
(1, 4),
(1, 5),
(1, 6),
(1, 7),
(1, 8),
(1, 9),
(2, 1),
(2, 2),
(2, 3),
(2, 4),
(3, 1),
(3, 2),
(3, 3),
(3, 4),
(4, 1),
(4, 2),
(4, 3),
(4, 4),
(5, 2),
(5, 3),
(5, 4),
(5, 12),
(5, 13),
(6, 14),
(8, 2),
(8, 3),
(8, 4),
(8, 12),
(8, 13),
(9, 2),
(9, 3),
(9, 4),
(9, 12),
(9, 13),
(10, 2),
(10, 3),
(11, 2),
(11, 3),
(11, 5),
(11, 6),
(12, 2),
(12, 3),
(12, 5),
(12, 6),
(13, 3),
(13, 7),
(13, 8),
(13, 9),
(14, 3),
(14, 7),
(14, 8),
(14, 9),
(15, 2),
(15, 3),
(15, 4),
(15, 12),
(15, 13),
(16, 2),
(16, 3),
(16, 4),
(16, 12),
(16, 13),
(17, 3),
(17, 8),
(17, 9),
(18, 3),
(18, 8),
(18, 9),
(19, 2),
(19, 3),
(19, 4),
(19, 12),
(19, 13),
(20, 2),
(20, 3),
(20, 4),
(20, 12),
(20, 13),
(21, 2),
(21, 3),
(21, 4),
(21, 7),
(21, 12),
(21, 13),
(22, 2),
(22, 3),
(22, 4),
(22, 7),
(22, 12),
(22, 13),
(23, 14),
(24, 14),
(25, 10),
(25, 11),
(26, 10),
(26, 11),
(27, 10),
(27, 11),
(28, 10),
(28, 11),
(29, 10),
(29, 11),
(30, 10),
(30, 11),
(31, 10),
(31, 11),
(32, 10),
(32, 11),
(33, 10),
(33, 11),
(34, 10),
(34, 11),
(35, 10),
(35, 11),
(36, 10),
(36, 11),
(37, 10),
(37, 11),
(38, 10),
(38, 11),
(39, 10),
(39, 11),
(40, 10),
(40, 11),
(41, 10),
(41, 11),
(42, 10),
(42, 11),
(43, 10),
(43, 11),
(44, 10),
(44, 11),
(46, 10),
(46, 11),
(47, 10),
(47, 11),
(48, 10),
(48, 11),
(49, 10),
(49, 11),
(50, 10),
(50, 11),
(51, 10),
(51, 11),
(52, 10),
(52, 11),
(53, 10),
(53, 11),
(54, 10),
(54, 11),
(55, 10),
(55, 11),
(56, 10),
(56, 11),
(58, 14),
(59, 14),
(62, 14),
(63, 14);

-- --------------------------------------------------------

--
-- Table structure for table `project_has_master_task`
--

CREATE TABLE `project_has_master_task` (
  `project_idproject` int(11) NOT NULL,
  `master_task_idtask` int(11) NOT NULL,
  `est_datestart` date DEFAULT NULL,
  `est_dateend` date DEFAULT NULL,
  `act_datestart` date DEFAULT NULL,
  `act_dateend` date DEFAULT NULL,
  `create_date_task` datetime DEFAULT NULL,
  `mod_date_task` datetime DEFAULT NULL
) ENGINE=InnoDB DEFAULT CHARSET=latin1;

--
-- Dumping data for table `project_has_master_task`
--

INSERT INTO `project_has_master_task` (`project_idproject`, `master_task_idtask`, `est_datestart`, `est_dateend`, `act_datestart`, `act_dateend`, `create_date_task`, `mod_date_task`) VALUES
(1, 1, '2018-02-12', '2018-02-12', '2018-02-12', '2018-02-12', NULL, NULL),
(1, 2, '2018-02-12', '2018-02-12', '2018-02-12', '2018-02-12', NULL, NULL),
(1, 3, '2018-02-13', '2018-02-13', '2018-02-13', '2018-02-13', NULL, NULL),
(1, 4, '2018-02-14', '2018-02-18', '2018-02-14', '2018-02-18', NULL, NULL),
(1, 5, '2018-02-19', '2018-02-20', '2018-02-19', '2018-02-20', NULL, NULL),
(1, 6, '2018-02-21', '2018-02-22', '2018-02-21', '2018-02-25', NULL, NULL),
(1, 7, '2018-02-23', '2018-02-25', '2018-02-25', '2018-02-26', NULL, NULL),
(1, 8, '2018-02-26', '2018-02-27', '2018-02-27', '2018-02-28', NULL, NULL),
(1, 9, '2018-02-28', '2018-03-01', '2018-03-01', '2018-03-31', NULL, NULL),
(1, 10, '2018-03-02', '2018-03-12', '2018-04-01', '2018-04-30', NULL, NULL),
(1, 11, '2018-03-13', '2018-03-29', '2018-05-01', '2018-05-07', NULL, NULL),
(1, 12, '2018-03-30', '2018-04-02', '2018-05-08', '2018-05-14', NULL, NULL),
(1, 13, '2018-04-03', '2018-04-03', '2018-05-15', '2018-05-15', NULL, NULL),
(1, 14, '2018-04-04', '2018-04-09', '2018-05-21', '2018-05-30', NULL, NULL),
(1, 15, '2018-04-10', '2018-04-10', '2018-05-31', '2018-05-31', NULL, NULL),
(2, 1, '2018-02-12', '2018-02-12', '2018-02-12', '2018-02-12', NULL, NULL),
(2, 2, '2018-02-12', '2018-02-12', '2018-02-12', '2018-02-12', NULL, NULL),
(2, 3, '2018-02-13', '2018-02-13', '2018-02-13', '2018-02-13', NULL, NULL),
(2, 4, '2018-02-14', '2018-02-18', '2018-02-14', '2018-02-18', NULL, NULL),
(2, 5, '2018-02-19', '2018-02-20', '2018-02-19', '2018-02-20', NULL, NULL),
(2, 6, '2018-02-21', '2018-02-22', '2018-02-21', '2018-02-25', NULL, NULL),
(2, 7, '2018-02-23', '2018-02-25', '2018-02-25', '2018-02-26', NULL, NULL),
(2, 8, '2018-02-26', '2018-02-27', '2018-02-27', '2018-02-28', NULL, NULL),
(2, 9, '2018-02-28', '2018-03-01', '2018-03-01', '2018-03-31', NULL, NULL),
(2, 10, '2018-03-02', '2018-03-12', '2018-04-01', '2018-04-30', NULL, NULL),
(2, 11, '2018-03-13', '2018-03-29', '2018-05-01', '2018-05-07', NULL, NULL),
(2, 12, '2018-03-30', '2018-04-02', '2018-05-08', '2018-05-14', NULL, NULL),
(2, 13, '2018-04-03', '2018-04-03', '2018-05-15', '2018-05-15', NULL, NULL),
(2, 14, '2018-04-04', '2018-04-09', '2018-05-21', '2018-05-30', NULL, NULL),
(2, 15, '2018-04-10', '2018-04-10', '2018-05-31', '2018-05-31', NULL, NULL),
(3, 1, '2018-03-23', '2018-03-23', '2018-03-19', '2018-03-19', NULL, NULL),
(3, 2, '2018-03-24', '2018-03-26', '2018-03-20', '2018-03-25', NULL, NULL),
(3, 3, '2018-03-27', '2018-03-28', '2018-03-26', '2018-03-26', NULL, NULL),
(3, 4, '2018-03-29', '2018-03-30', '2018-03-27', '2018-03-30', NULL, NULL),
(3, 5, '2018-03-31', '2018-04-01', '2018-03-31', '2018-04-08', NULL, NULL),
(3, 6, '2018-04-02', '2018-04-03', '2018-04-09', '2018-04-23', NULL, NULL),
(3, 7, '2018-04-04', '2018-04-05', '2018-04-24', '2018-04-30', NULL, NULL),
(3, 8, '2018-04-06', '2018-04-06', '2018-05-01', '2018-05-31', NULL, NULL),
(3, 9, '2018-04-07', '2018-04-07', '2018-06-01', '2018-06-30', NULL, NULL),
(3, 10, '2018-04-08', '2018-04-08', '2018-07-01', '2018-07-01', NULL, NULL),
(3, 11, '2018-04-09', '2018-04-09', '2018-07-02', '2018-07-02', NULL, NULL),
(3, 12, '2018-04-10', '2018-04-10', '2018-07-03', '2018-07-03', NULL, NULL),
(3, 13, '2018-04-11', '2018-04-11', '2018-07-04', '2018-07-04', NULL, NULL),
(3, 14, '2018-04-12', '2018-04-13', '2018-07-20', '2018-07-30', NULL, NULL),
(3, 15, '2018-05-14', '2018-05-14', '2018-07-31', '2018-07-31', NULL, NULL),
(4, 1, '2018-03-15', '2018-03-15', '2018-03-15', '2018-03-15', NULL, NULL),
(4, 2, '2018-03-16', '2018-03-17', '2018-03-20', '2018-03-25', NULL, NULL),
(4, 3, '2018-03-18', '2018-03-19', '2018-03-26', '2018-03-26', NULL, NULL),
(4, 4, '2018-03-20', '2018-03-21', '2018-03-27', '2018-03-30', NULL, NULL),
(4, 5, '2018-03-22', '2018-03-23', '2018-03-31', '2018-04-08', NULL, NULL),
(4, 6, '2018-03-24', '2018-03-26', '2018-04-09', '2018-04-23', NULL, NULL),
(4, 7, '2018-03-27', '2018-03-28', '2018-04-24', '2018-04-30', NULL, NULL),
(4, 8, '2018-03-29', '2018-04-29', '2018-05-01', '2018-05-31', NULL, NULL),
(4, 9, '2018-04-30', '2018-05-10', '2018-06-01', '2018-06-30', NULL, NULL),
(4, 10, '2018-05-11', '2018-05-13', '2018-07-01', '2018-07-01', NULL, NULL),
(4, 11, '2018-05-14', '2018-05-20', '2018-07-02', '2018-07-02', NULL, NULL),
(4, 12, '2018-05-21', '2018-05-21', '2018-07-03', '2018-07-03', NULL, NULL),
(4, 13, '2018-05-22', '2018-05-22', '2018-07-04', '2018-07-04', NULL, NULL),
(4, 14, '2018-05-23', '2018-05-27', '2018-07-20', '2018-07-30', NULL, NULL),
(4, 15, '2018-05-28', '2018-05-28', '2018-07-31', '2018-07-31', NULL, NULL),
(5, 1, '2017-11-02', '2017-11-02', '2017-11-02', '2017-11-02', NULL, NULL),
(5, 2, '2017-11-03', '2017-11-03', '2017-11-02', '2017-11-02', NULL, NULL),
(5, 3, '2017-11-04', '2017-11-04', '2017-11-02', '2017-11-02', NULL, NULL),
(5, 4, '2017-11-05', '2017-11-05', '2017-11-03', '2017-11-06', NULL, NULL),
(5, 5, '2017-11-06', '2017-11-06', '2017-11-07', '2017-11-10', NULL, NULL),
(5, 6, '2017-11-07', '2017-11-07', '2017-11-11', '2018-11-17', NULL, NULL),
(5, 7, '2017-11-08', '2017-11-08', '2018-11-18', '2018-11-26', NULL, NULL),
(5, 8, '2017-11-09', '2018-11-15', '2018-11-27', '2018-12-27', NULL, NULL),
(5, 9, '2018-11-16', '2018-11-18', '2018-12-28', '2018-01-28', NULL, NULL),
(5, 10, '2018-11-18', '2018-11-19', '2018-01-29', '2018-02-02', NULL, NULL),
(5, 11, '2018-11-20', '2018-11-20', '2018-02-03', '2018-02-07', NULL, NULL),
(5, 12, '2018-11-21', '2018-11-21', '2018-02-08', '2018-02-12', NULL, NULL),
(5, 13, '2018-11-22', '2018-11-22', '2018-03-08', '2018-03-08', NULL, NULL),
(5, 14, '2018-11-23', '2018-11-23', '2018-03-09', '2018-03-20', NULL, NULL),
(5, 15, '2018-11-24', '2018-11-24', '2018-03-21', '2018-03-21', NULL, NULL),
(6, 1, '2018-01-30', '2018-01-30', '2018-01-30', '2018-01-30', NULL, NULL),
(6, 2, '2018-01-30', '2018-01-30', '2018-01-30', '2018-01-30', NULL, NULL),
(6, 3, '2018-01-30', '2018-01-30', '2018-01-30', '2018-01-30', NULL, NULL),
(6, 6, '2018-01-31', '2018-01-31', '2018-01-31', '2018-01-31', NULL, NULL),
(6, 7, '2018-01-31', '2018-01-31', '2018-01-31', '2018-01-31', NULL, NULL),
(6, 8, '2018-02-01', '2018-02-01', '2018-02-01', '2018-02-01', NULL, NULL),
(6, 10, '2018-02-02', '2018-02-02', '2018-02-02', '2018-02-02', NULL, NULL),
(6, 11, '2018-02-03', '2018-02-03', '2018-02-03', '2018-02-03', NULL, NULL),
(6, 12, '2018-02-04', '2018-02-04', '2018-02-04', '2018-02-04', NULL, NULL),
(6, 13, '2018-02-05', '2018-02-05', '2018-02-05', '2018-02-05', NULL, NULL),
(6, 14, '2018-02-06', '2018-02-06', '2018-02-06', '2018-02-06', NULL, NULL),
(6, 15, '2018-02-07', '2018-02-07', '2018-02-07', '2018-02-07', NULL, NULL),
(8, 1, '2018-05-23', '2018-05-23', '2018-05-17', '2018-05-17', NULL, NULL),
(8, 2, '2018-05-23', '2018-05-23', '2018-05-18', '2018-05-22', NULL, NULL),
(8, 3, '2018-05-24', '2018-05-24', '2018-05-23', '2018-05-23', NULL, NULL),
(8, 4, '2018-05-25', '2018-05-25', '2018-05-24', '2018-05-25', NULL, NULL),
(8, 5, '2018-05-26', '2018-05-26', '2018-05-26', '2018-05-28', NULL, NULL),
(8, 6, '2018-05-27', '2018-05-27', '2018-05-28', '2018-05-30', NULL, NULL),
(8, 7, '2018-05-28', '2018-05-28', '2018-05-31', '2018-06-04', NULL, NULL),
(8, 8, '2018-06-28', '2018-07-18', '2018-06-05', '2018-07-05', NULL, NULL),
(8, 9, '2018-07-19', '2018-07-31', '2018-07-06', '2018-08-06', NULL, NULL),
(8, 10, '2018-08-01', '2018-08-02', '2018-08-07', '2018-08-20', NULL, NULL),
(8, 11, '2018-08-03', '2018-08-04', '2018-08-21', '2018-09-02', NULL, NULL),
(8, 12, '2018-08-05', '2018-08-06', '2018-09-03', '2018-09-14', NULL, NULL),
(8, 13, '2018-08-06', '2018-08-06', '2018-10-11', '2018-10-11', NULL, NULL),
(8, 14, '2018-08-07', '2018-08-09', '2018-10-12', '2018-10-15', NULL, NULL),
(8, 15, '2018-08-10', '2018-08-10', '2018-10-16', '2018-10-16', NULL, NULL),
(9, 1, '2018-05-23', '2018-05-23', '2018-05-17', '2018-05-17', NULL, NULL),
(9, 2, '2018-05-23', '2018-05-23', '2018-05-18', '2018-05-22', NULL, NULL),
(9, 3, '2018-05-24', '2018-05-24', '2018-05-23', '2018-05-23', NULL, NULL),
(9, 4, '2018-05-25', '2018-05-25', '2018-05-24', '2018-05-25', NULL, NULL),
(9, 5, '2018-05-26', '2018-05-26', '2018-05-26', '2018-05-28', NULL, NULL),
(9, 6, '2018-05-27', '2018-05-27', '2018-05-28', '2018-05-30', NULL, NULL),
(9, 7, '2018-05-28', '2018-05-28', '2018-05-31', '2018-06-04', NULL, NULL),
(9, 8, '2018-06-28', '2018-07-18', '2018-06-05', '2018-07-05', NULL, NULL),
(9, 9, '2018-07-19', '2018-07-31', '2018-07-06', '2018-08-06', NULL, NULL),
(9, 10, '2018-08-01', '2018-08-02', '2018-08-07', '2018-08-20', NULL, NULL),
(9, 11, '2018-08-03', '2018-08-04', '2018-08-21', '2018-09-02', NULL, NULL),
(9, 12, '2018-08-05', '2018-08-06', '2018-09-03', '2018-09-14', NULL, NULL),
(9, 13, '2018-08-06', '2018-08-06', '2018-10-11', '2018-10-11', NULL, NULL),
(9, 14, '2018-08-07', '2018-08-09', '2018-10-12', '2018-10-15', NULL, NULL),
(9, 15, '2018-08-10', '2018-08-10', '2018-10-16', '2018-10-16', NULL, NULL),
(10, 1, '2018-05-18', '2018-05-18', '2018-05-16', '2018-05-16', NULL, NULL),
(10, 2, '2018-05-18', '2018-05-18', '2018-05-17', '2018-05-29', NULL, NULL),
(10, 3, '2018-05-18', '2018-05-18', '2018-05-30', '2018-05-30', NULL, NULL),
(10, 4, '2018-05-19', '2018-05-22', '2018-05-31', '2018-06-01', NULL, NULL),
(10, 5, '2018-05-23', '2018-05-25', '2018-06-02', '2018-06-06', NULL, NULL),
(10, 6, '2018-05-26', '2018-05-31', '2018-06-07', '2018-06-08', NULL, NULL),
(10, 7, '2018-06-01', '2018-06-17', '2018-06-09', '2018-06-11', NULL, NULL),
(10, 8, '2018-06-18', '2018-06-28', '2018-06-12', '2018-07-12', NULL, NULL),
(10, 9, '2018-06-29', '2018-07-10', '2018-07-13', '2018-07-19', NULL, NULL),
(10, 10, '2018-07-11', '2018-07-18', '2018-07-20', '2018-07-22', NULL, NULL),
(10, 11, '2018-07-19', '2018-07-20', '2018-07-23', '2018-07-23', NULL, NULL),
(10, 12, '2018-07-21', '2018-07-24', '2018-07-24', '2018-07-24', NULL, NULL),
(10, 13, '2018-07-25', '2018-07-25', '2018-07-25', '2018-07-25', NULL, NULL),
(10, 14, '2018-07-26', '2018-07-26', '2018-07-26', '2018-07-30', NULL, NULL),
(10, 15, '2018-07-27', '2018-07-27', '2018-11-09', '2018-11-09', NULL, NULL),
(11, 1, '2018-08-08', '2018-08-08', '2018-08-08', '2018-08-08', NULL, NULL),
(11, 2, '2018-08-09', '2018-08-09', '2018-08-09', '2018-08-09', NULL, NULL),
(11, 3, '2018-08-10', '2018-08-10', '2018-08-13', '2018-08-16', NULL, NULL),
(11, 4, '2018-08-11', '2018-08-12', '2018-08-17', '2018-08-20', NULL, NULL),
(11, 5, '2018-08-13', '2018-08-16', '2018-08-21', '2018-08-27', NULL, NULL),
(11, 6, '2018-08-17', '2018-08-20', '2018-08-28', '2018-08-30', NULL, NULL),
(11, 7, '2018-08-21', '2018-08-23', '2018-08-31', '2018-09-06', NULL, NULL),
(11, 8, '2018-08-24', '2018-09-24', '2018-09-07', '2018-09-21', NULL, NULL),
(11, 9, '2018-09-25', '2018-10-11', '2018-09-22', '2018-10-01', NULL, NULL),
(11, 10, '2018-10-12', '2018-10-18', '2018-10-02', '2018-10-05', NULL, NULL),
(11, 11, '2018-10-19', '2018-10-22', '2018-10-06', '2018-10-09', NULL, NULL),
(11, 12, '2018-10-23', '2018-10-23', '2018-10-10', '2018-10-12', NULL, NULL),
(11, 13, '2018-10-24', '2018-10-24', '2018-12-17', '2018-12-17', NULL, NULL),
(11, 14, '2018-10-25', '2018-10-25', '2018-12-18', '2018-12-20', NULL, NULL),
(11, 15, '2018-10-26', '2018-10-26', '2018-12-21', '2018-12-21', NULL, NULL),
(12, 1, '2018-08-08', '2018-08-08', '2018-08-08', '2018-08-08', NULL, NULL),
(12, 2, '2018-08-09', '2018-08-09', '2018-08-09', '2018-08-09', NULL, NULL),
(12, 3, '2018-08-10', '2018-08-10', '2018-08-13', '2018-08-16', NULL, NULL),
(12, 4, '2018-08-11', '2018-08-12', '2018-08-17', '2018-08-20', NULL, NULL),
(12, 5, '2018-08-13', '2018-08-16', '2018-08-21', '2018-08-27', NULL, NULL),
(12, 6, '2018-08-17', '2018-08-20', '2018-08-28', '2018-08-30', NULL, NULL),
(12, 7, '2018-08-21', '2018-08-23', '2018-08-31', '2018-09-06', NULL, NULL),
(12, 8, '2018-08-24', '2018-09-24', '2018-09-07', '2018-09-21', NULL, NULL),
(12, 9, '2018-09-25', '2018-10-11', '2018-09-22', '2018-10-01', NULL, NULL),
(12, 10, '2018-10-12', '2018-10-18', '2018-10-02', '2018-10-05', NULL, NULL),
(12, 11, '2018-10-19', '2018-10-22', '2018-10-06', '2018-10-09', NULL, NULL),
(12, 12, '2018-10-23', '2018-10-23', '2018-10-10', '2018-10-12', NULL, NULL),
(12, 13, '2018-10-24', '2018-10-24', '2018-12-17', '2018-12-17', NULL, NULL),
(12, 14, '2018-10-25', '2018-10-25', '2018-12-18', '2018-12-20', NULL, NULL),
(12, 15, '2018-10-26', '2018-10-26', '2018-12-21', '2018-12-21', NULL, NULL),
(13, 1, '2018-09-05', '2018-09-05', '2018-08-08', '2018-08-08', NULL, NULL),
(13, 2, '2018-09-05', '2018-09-05', '2018-09-05', '2018-09-05', NULL, NULL),
(13, 3, '2018-09-05', '2018-09-05', '2018-09-05', '2018-09-05', NULL, NULL),
(13, 4, '2018-09-06', '2018-09-09', '2018-09-06', '2018-09-10', NULL, NULL),
(13, 5, '2018-09-10', '2018-09-11', '2018-09-11', '2018-09-18', NULL, NULL),
(13, 6, '2018-09-12', '2018-09-13', '2018-09-19', '2018-09-20', NULL, NULL),
(13, 7, '2018-09-14', '2018-09-16', '2018-09-21', '2018-09-26', NULL, NULL),
(13, 8, '2018-09-17', '2018-09-28', '2018-09-27', '2018-10-27', NULL, NULL),
(13, 9, '2018-09-29', '2018-10-12', '2018-10-28', '2018-11-28', NULL, NULL),
(13, 10, '2018-10-13', '2018-10-19', '2018-11-29', '2018-11-30', NULL, NULL),
(13, 11, '2018-10-20', '2018-10-22', '2018-12-01', '2018-12-02', NULL, NULL),
(13, 12, '2018-10-23', '2018-10-23', '2018-12-03', '2018-12-04', NULL, NULL),
(13, 13, '2018-10-24', '2018-10-24', '2018-12-14', '2018-12-14', NULL, NULL),
(13, 14, '2018-10-25', '2018-10-25', '2018-12-17', '2018-12-17', NULL, NULL),
(13, 15, '2018-10-26', '2018-10-26', '2018-12-18', '2018-12-20', NULL, NULL),
(14, 1, '2018-09-05', '2018-09-05', '2018-08-08', '2018-08-08', NULL, NULL),
(14, 2, '2018-09-05', '2018-09-05', '2018-09-05', '2018-09-05', NULL, NULL),
(14, 3, '2018-09-05', '2018-09-05', '2018-09-05', '2018-09-05', NULL, NULL),
(14, 4, '2018-09-06', '2018-09-09', '2018-09-06', '2018-09-10', NULL, NULL),
(14, 5, '2018-09-10', '2018-09-11', '2018-09-11', '2018-09-18', NULL, NULL),
(14, 6, '2018-09-12', '2018-09-13', '2018-09-19', '2018-09-20', NULL, NULL),
(14, 7, '2018-09-14', '2018-09-16', '2018-09-21', '2018-09-26', NULL, NULL),
(14, 8, '2018-09-17', '2018-09-28', '2018-09-27', '2018-10-27', NULL, NULL),
(14, 9, '2018-09-29', '2018-10-12', '2018-10-28', '2018-11-28', NULL, NULL),
(14, 10, '2018-10-13', '2018-10-19', '2018-11-29', '2018-11-30', NULL, NULL),
(14, 11, '2018-10-20', '2018-10-22', '2018-12-01', '2018-12-02', NULL, NULL),
(14, 12, '2018-10-23', '2018-10-23', '2018-12-03', '2018-12-04', NULL, NULL),
(14, 13, '2018-10-24', '2018-10-24', '2018-12-14', '2018-12-14', NULL, NULL),
(14, 14, '2018-10-25', '2018-10-25', '2018-12-17', '2018-12-17', NULL, NULL),
(14, 15, '2018-10-26', '2018-10-26', '2018-12-18', '2018-12-20', NULL, NULL),
(15, 1, '2018-09-10', '2018-09-10', '2018-09-07', '2018-09-07', NULL, NULL),
(15, 2, '2018-09-11', '2018-09-14', '2018-09-10', '2018-09-16', NULL, NULL),
(15, 3, '2018-09-14', '2018-09-16', '2018-09-17', '2018-09-17', NULL, NULL),
(15, 4, '2018-09-17', '2018-09-18', '2018-09-18', '2018-09-19', NULL, NULL),
(15, 5, '2018-09-19', '2018-09-20', '2018-09-20', '2018-09-21', NULL, NULL),
(15, 6, '2018-09-21', '2018-09-23', '2018-09-22', '2018-09-25', NULL, NULL),
(15, 7, '2018-09-24', '2018-09-25', '2018-09-26', '2018-09-30', NULL, NULL),
(15, 8, '2018-09-26', '2018-10-26', '2018-10-01', '2018-11-01', NULL, NULL),
(15, 9, '2018-10-01', '2018-11-02', '2018-11-02', '2018-12-07', NULL, NULL),
(15, 10, '2018-11-03', '2018-11-04', '2018-12-08', '2018-12-11', NULL, NULL),
(15, 11, '2018-11-05', '2018-11-05', '2018-12-12', '2018-12-14', NULL, NULL),
(15, 12, '2018-11-06', '2018-11-06', '2018-12-15', '2018-12-16', NULL, NULL),
(15, 13, '2018-11-07', '2018-11-07', '2018-12-17', '2018-12-17', NULL, NULL),
(15, 14, '2018-11-08', '2018-11-12', '2018-12-18', '2019-01-16', NULL, NULL),
(15, 15, '2018-11-13', '2018-11-16', '2018-12-19', NULL, NULL, NULL),
(16, 1, '2018-09-01', '2018-09-01', '2018-09-07', '2018-09-07', NULL, NULL),
(16, 2, '2018-09-02', '2018-09-02', '2018-09-10', '2018-09-16', NULL, NULL),
(16, 3, '2018-09-03', '2018-09-04', '2018-09-17', '2018-09-17', NULL, NULL),
(16, 4, '2018-09-05', '2018-09-06', '2018-09-18', '2018-09-19', NULL, NULL),
(16, 5, '2018-09-07', '2018-09-10', '2018-09-20', '2018-09-21', NULL, NULL),
(16, 6, '2018-09-11', '2018-09-13', '2018-09-22', '2018-09-25', NULL, NULL),
(16, 7, '2018-09-14', '2018-09-17', '2018-09-26', '2018-09-30', NULL, NULL),
(16, 8, '2018-09-18', '2018-09-30', '2018-10-01', '2018-11-01', NULL, NULL),
(16, 9, '2018-10-01', '2018-10-15', '2018-11-02', '2018-12-07', NULL, NULL),
(16, 10, '2018-10-16', '2018-10-18', '2018-12-08', '2018-12-11', NULL, NULL),
(16, 11, '2018-10-19', '2018-10-24', '2018-12-12', '2018-12-14', NULL, NULL),
(16, 12, '2018-10-24', '2018-10-25', '2018-12-15', '2018-12-16', NULL, NULL),
(16, 13, '2018-10-26', '2018-10-26', '2018-12-17', '2018-12-17', NULL, NULL),
(16, 14, '2018-10-27', '2018-10-27', '2018-12-18', NULL, NULL, NULL),
(16, 15, '2018-10-28', '2018-10-28', '2018-12-19', NULL, NULL, NULL),
(17, 1, '2018-11-23', '2018-11-23', '2018-11-23', '2018-11-23', NULL, NULL),
(17, 2, '2018-11-24', '2018-11-24', NULL, NULL, NULL, NULL),
(17, 3, '2018-11-25', '2018-11-25', NULL, NULL, NULL, NULL),
(17, 4, '2018-11-26', '2018-11-26', NULL, NULL, NULL, NULL),
(17, 5, '2018-11-27', '2018-11-27', NULL, NULL, NULL, NULL),
(17, 6, '2018-11-28', '2018-11-28', NULL, NULL, NULL, NULL),
(17, 7, '2018-11-29', '2018-12-30', NULL, NULL, NULL, NULL),
(17, 8, '2018-12-31', '2018-01-17', NULL, NULL, NULL, NULL),
(17, 9, '2018-01-18', '2018-01-23', NULL, NULL, NULL, NULL),
(17, 10, '2018-01-24', '2018-01-24', NULL, NULL, NULL, NULL),
(17, 11, '2018-01-25', '2018-01-25', NULL, NULL, NULL, NULL),
(17, 12, '2018-01-26', '2018-01-26', NULL, NULL, NULL, NULL),
(17, 13, '2018-01-27', '2018-01-27', NULL, NULL, NULL, NULL),
(17, 14, '2018-01-28', '2018-01-31', NULL, NULL, NULL, NULL),
(17, 15, '2019-02-01', '2019-02-01', NULL, NULL, NULL, NULL),
(18, 1, '2018-11-23', '2018-11-23', '2018-11-23', '2018-11-23', NULL, NULL),
(18, 2, '2018-11-24', '2018-11-24', NULL, NULL, NULL, NULL),
(18, 3, '2018-11-25', '2018-11-25', NULL, NULL, NULL, NULL),
(18, 4, '2018-11-26', '2018-11-26', NULL, NULL, NULL, NULL),
(18, 5, '2018-11-27', '2018-11-27', NULL, NULL, NULL, NULL),
(18, 6, '2018-11-28', '2018-11-28', NULL, NULL, NULL, NULL),
(18, 7, '2018-11-29', '2018-12-30', NULL, NULL, NULL, NULL),
(18, 8, '2018-12-31', '2018-01-17', NULL, NULL, NULL, NULL),
(18, 9, '2018-01-18', '2018-01-23', NULL, NULL, NULL, NULL),
(18, 10, '2018-01-24', '2018-01-24', NULL, NULL, NULL, NULL),
(18, 11, '2018-01-25', '2018-01-25', NULL, NULL, NULL, NULL),
(18, 12, '2018-01-26', '2018-01-26', NULL, NULL, NULL, NULL),
(18, 13, '2018-01-27', '2018-01-27', NULL, NULL, NULL, NULL),
(18, 14, '2018-01-28', '2018-01-31', NULL, NULL, NULL, NULL),
(18, 15, '2019-02-01', '2019-02-01', NULL, NULL, NULL, NULL),
(19, 1, '2018-07-05', '2018-07-05', '2018-07-29', '2018-07-29', NULL, NULL),
(19, 2, '2018-07-06', '2018-07-08', '2018-07-05', '2018-07-05', NULL, NULL),
(19, 3, '2018-07-09', '2018-07-10', '2018-07-05', '2018-07-05', NULL, NULL),
(19, 4, '2018-07-10', '2018-07-11', '2018-07-06', '2018-07-10', NULL, NULL),
(19, 5, '2018-07-12', '2018-07-15', '2018-07-11', '2018-07-16', NULL, NULL),
(19, 6, '2018-07-16', '2018-07-19', '2018-07-17', '2018-07-23', NULL, NULL),
(19, 7, '2018-07-20', '2018-07-23', '2018-07-24', '2018-07-30', NULL, NULL),
(19, 8, '2018-07-24', '2018-08-15', '2018-07-31', '2018-07-31', NULL, NULL),
(19, 9, '2018-08-16', '2018-09-02', '2018-08-01', '2018-09-02', NULL, NULL),
(19, 10, '2018-09-03', '2018-09-04', '2018-09-03', '2018-09-26', NULL, NULL),
(19, 11, '2018-09-05', '2018-09-05', '2018-09-27', '2018-09-28', NULL, NULL),
(19, 12, '2018-09-06', '2018-09-06', '2018-09-28', '2018-09-30', NULL, NULL),
(19, 13, '2018-09-07', '2018-09-07', '2018-10-01', '2018-10-01', NULL, NULL),
(19, 14, '2018-09-08', '2018-09-10', '2018-10-02', '2018-10-04', NULL, NULL),
(19, 15, '2018-09-12', '2018-09-12', '2018-12-11', '2018-12-11', NULL, NULL),
(20, 1, '2018-07-05', '2018-07-05', '2018-07-29', '2018-07-29', NULL, NULL),
(20, 2, '2018-07-06', '2018-07-08', '2018-07-05', '2018-07-05', NULL, NULL),
(20, 3, '2018-07-09', '2018-07-10', '2018-07-05', '2018-07-05', NULL, NULL),
(20, 4, '2018-07-10', '2018-07-11', '2018-07-06', '2018-07-10', NULL, NULL),
(20, 5, '2018-07-12', '2018-07-15', '2018-07-11', '2018-07-16', NULL, NULL),
(20, 6, '2018-07-16', '2018-07-19', '2018-07-17', '2018-07-23', NULL, NULL),
(20, 7, '2018-07-20', '2018-07-23', '2018-07-24', '2018-07-30', NULL, NULL),
(20, 8, '2018-07-24', '2018-08-15', '2018-07-31', '2018-07-31', NULL, NULL),
(20, 9, '2018-08-16', '2018-09-02', '2018-08-01', '2018-09-02', NULL, NULL),
(20, 10, '2018-09-03', '2018-09-04', '2018-09-03', '2018-09-26', NULL, NULL),
(20, 11, '2018-09-05', '2018-09-05', '2018-09-27', '2018-09-28', NULL, NULL),
(20, 12, '2018-09-06', '2018-09-06', '2018-09-28', '2018-09-30', NULL, NULL),
(20, 13, '2018-09-07', '2018-09-07', '2018-10-01', '2018-10-01', NULL, NULL),
(20, 14, '2018-09-08', '2018-09-10', '2018-10-02', '2018-10-04', NULL, NULL),
(20, 15, '2018-09-12', '2018-09-12', '2018-12-11', '2018-12-11', NULL, NULL),
(21, 1, '2018-11-13', '2018-11-13', '2018-11-04', '2018-11-04', NULL, NULL),
(21, 2, '2018-11-14', '2018-11-14', '2018-11-04', '2018-11-04', NULL, NULL),
(21, 3, '2018-11-15', '2018-11-15', '2018-11-04', '2018-11-04', NULL, NULL),
(21, 4, '2018-11-16', '2018-11-16', NULL, NULL, NULL, NULL),
(21, 5, '2018-11-17', '2018-11-17', NULL, NULL, NULL, NULL),
(21, 6, '2018-11-18', '2018-11-18', NULL, NULL, NULL, NULL),
(21, 7, '2018-11-19', '2018-11-22', NULL, NULL, NULL, NULL),
(21, 8, '2018-11-23', '2018-12-23', NULL, NULL, NULL, NULL),
(21, 9, '2018-12-24', '2018-01-24', NULL, NULL, NULL, NULL),
(21, 10, '2018-01-25', '2018-01-28', NULL, NULL, NULL, NULL),
(21, 11, '2018-01-29', '2018-01-30', NULL, NULL, NULL, NULL),
(21, 12, '2018-01-31', '2019-02-04', NULL, NULL, NULL, NULL),
(21, 13, '2019-02-05', '2019-02-05', NULL, NULL, NULL, NULL),
(21, 14, '2019-02-07', '2019-02-11', NULL, NULL, NULL, NULL),
(21, 15, '2019-02-12', '2019-02-12', NULL, NULL, NULL, NULL),
(22, 1, '2018-11-13', '2018-11-13', '2018-11-04', '2018-11-04', NULL, NULL),
(22, 2, '2018-11-14', '2018-11-14', '2018-11-04', '2018-11-04', NULL, NULL),
(22, 3, '2018-11-15', '2018-11-15', '2018-11-04', '2018-11-04', NULL, NULL),
(22, 4, '2018-11-16', '2018-11-16', NULL, NULL, NULL, NULL),
(22, 5, '2018-11-17', '2018-11-17', NULL, NULL, NULL, NULL),
(22, 6, '2018-11-18', '2018-11-18', NULL, NULL, NULL, NULL),
(22, 7, '2018-11-19', '2018-11-22', NULL, NULL, NULL, NULL),
(22, 8, '2018-11-23', '2018-12-23', NULL, NULL, NULL, NULL),
(22, 9, '2018-12-24', '2018-01-24', NULL, NULL, NULL, NULL),
(22, 10, '2018-01-25', '2018-01-28', NULL, NULL, NULL, NULL),
(22, 11, '2018-01-29', '2018-01-30', NULL, NULL, NULL, NULL),
(22, 12, '2018-01-31', '2019-02-04', NULL, NULL, NULL, NULL),
(22, 13, '2019-02-05', '2019-02-05', NULL, NULL, NULL, NULL),
(22, 14, '2019-02-07', '2019-02-11', NULL, NULL, NULL, NULL),
(22, 15, '2019-02-12', '2019-02-12', NULL, NULL, NULL, NULL),
(23, 1, '2018-09-17', '2018-09-17', '2018-09-14', '2018-09-14', NULL, NULL),
(23, 3, '2018-09-18', '2018-09-23', '2018-09-15', '2018-09-24', NULL, NULL),
(23, 6, '2018-09-24', '2018-09-25', '2018-09-25', '2018-09-30', NULL, NULL),
(23, 7, '2018-09-26', '2018-09-27', '2018-10-01', '2018-10-04', NULL, NULL),
(23, 13, '2018-09-28', '2018-09-30', '2018-10-05', '2018-10-05', NULL, NULL),
(23, 15, '2018-10-01', '2018-10-01', '2018-10-06', '2018-10-06', NULL, NULL),
(24, 1, '2018-09-17', '2018-09-17', '2018-09-14', '2018-09-14', NULL, NULL),
(24, 3, '2018-09-18', '2018-09-23', '2018-09-15', '2018-09-23', NULL, NULL),
(24, 6, '2018-09-24', '2018-09-25', '2018-09-24', '2018-09-25', NULL, NULL),
(24, 7, '2018-09-26', '2018-09-27', '2018-09-26', '2018-09-27', NULL, NULL),
(24, 13, '2018-09-28', '2018-09-30', '2018-09-28', '2018-09-30', NULL, NULL),
(24, 15, '2018-10-01', '2018-10-01', '2018-10-01', '2018-10-01', NULL, NULL),
(25, 1, '2018-12-05', '2018-12-05', '2018-12-04', '2018-12-04', NULL, NULL),
(25, 3, '2018-12-06', '2018-12-10', NULL, NULL, NULL, NULL),
(25, 6, '2018-12-11', '2018-12-13', NULL, NULL, NULL, NULL),
(25, 7, '2018-12-14', '2018-12-19', NULL, NULL, NULL, NULL),
(25, 13, '2018-12-20', '2018-12-20', NULL, NULL, NULL, NULL),
(25, 15, '2018-12-21', '2018-12-21', NULL, NULL, NULL, NULL),
(26, 1, '2018-08-23', '2018-08-23', '2018-08-13', '2018-08-13', NULL, NULL),
(26, 3, '2018-08-23', '2018-08-23', '2018-08-23', '2018-08-23', NULL, NULL),
(26, 6, '2018-08-24', '2018-08-27', '2018-08-24', '2018-08-27', NULL, NULL),
(26, 7, '2018-08-28', '2018-08-30', '2018-08-28', '2018-08-30', NULL, NULL),
(26, 13, '2018-08-31', '2018-08-31', '2018-08-31', '2018-08-31', NULL, NULL),
(26, 15, '2018-09-06', '2018-09-06', '2018-10-11', '2018-10-11', NULL, NULL),
(27, 1, '2018-08-23', '2018-08-23', '2018-08-13', '2018-08-13', NULL, NULL),
(27, 3, '2018-08-23', '2018-08-23', '2018-08-23', '2018-08-23', NULL, NULL),
(27, 6, '2018-08-24', '2018-08-27', '2018-08-24', '2018-08-27', NULL, NULL),
(27, 7, '2018-08-28', '2018-08-30', '2018-08-28', '2018-08-30', NULL, NULL),
(27, 13, '2018-08-31', '2018-08-31', '2018-08-31', '2018-08-31', NULL, NULL),
(27, 15, '2018-09-06', '2018-09-06', '2018-10-11', '2018-10-11', NULL, NULL),
(28, 1, '2018-12-05', '2018-12-05', '2018-12-04', '2018-12-04', NULL, NULL),
(28, 3, '2018-12-05', '2018-12-06', '2018-12-05', '2018-12-06', NULL, NULL),
(28, 6, '2018-12-07', '2018-12-10', '2018-12-07', '2018-12-10', NULL, NULL),
(28, 7, '2018-12-11', '2018-12-12', '2018-12-11', '2018-12-12', NULL, NULL),
(28, 13, '2018-12-13', '2018-12-13', '2018-12-13', '2018-12-13', NULL, NULL),
(28, 15, '2018-12-15', '2018-12-15', NULL, NULL, NULL, NULL),
(29, 1, '2018-12-05', '2018-12-05', '2018-12-04', '2018-12-04', NULL, NULL),
(29, 3, '2018-12-05', '2018-12-10', NULL, NULL, NULL, NULL),
(29, 6, '2018-12-11', '2018-12-16', NULL, NULL, NULL, NULL),
(29, 7, '2018-12-17', '2018-12-24', NULL, NULL, NULL, NULL),
(29, 13, '2018-12-25', '2018-12-26', NULL, NULL, NULL, NULL),
(29, 15, '2018-12-27', '2018-12-27', NULL, NULL, NULL, NULL),
(30, 1, '2018-02-26', '2018-02-26', '2018-02-26', '2018-02-26', NULL, NULL),
(30, 3, '2018-02-27', '2018-02-28', '2018-02-27', '2018-02-28', NULL, NULL),
(30, 6, '2018-03-01', '2018-03-05', '2018-03-01', '2018-03-05', NULL, NULL),
(30, 7, '2018-03-06', '2018-03-08', '2018-03-06', '2018-03-08', NULL, NULL),
(30, 13, '2018-03-09', '2018-03-09', '2018-03-09', '2018-03-09', NULL, NULL),
(30, 15, '2018-03-12', '2018-03-12', '2018-05-02', '2018-05-02', NULL, NULL),
(31, 1, '2018-05-08', '2018-05-08', '2018-05-08', '2018-05-08', NULL, NULL),
(31, 3, '2018-05-09', '2018-05-09', '2018-05-09', '2018-05-09', NULL, NULL),
(31, 6, '2018-05-10', '2018-05-10', '2018-05-10', '2018-05-10', NULL, NULL),
(31, 7, '2018-05-11', '2018-05-11', '2018-05-11', '2018-05-11', NULL, NULL),
(31, 13, '2018-05-12', '2018-05-12', '2018-05-12', '2018-05-12', NULL, NULL),
(31, 15, '2018-05-15', '2018-05-15', '2018-12-14', '2018-12-14', NULL, NULL),
(32, 1, '2018-02-26', '2018-02-26', '2018-02-26', '2018-02-26', NULL, NULL),
(32, 3, '2018-02-27', '2018-02-27', '2018-02-27', '2018-02-27', NULL, NULL),
(32, 6, '2018-02-28', '2018-02-28', '2018-02-28', '2018-02-28', NULL, NULL),
(32, 7, '2018-03-01', '2018-03-02', '2018-03-01', '2018-03-02', NULL, NULL),
(32, 13, '2018-03-09', '2018-03-09', '2018-03-09', '2018-03-09', NULL, NULL),
(32, 15, '2018-03-12', '2018-03-12', '2018-05-02', '2018-05-02', NULL, NULL),
(33, 1, '2018-05-08', '2018-05-08', '2018-05-08', '2018-05-08', NULL, NULL),
(33, 3, '2018-05-09', '2018-05-09', '2018-05-09', '2018-05-09', NULL, NULL),
(33, 6, '2018-05-10', '2018-05-10', '2018-05-10', '2018-05-10', NULL, NULL),
(33, 7, '2018-05-11', '2018-05-11', '2018-05-11', '2018-05-11', NULL, NULL),
(33, 13, '2018-05-12', '2018-05-12', '2018-05-12', '2018-05-12', NULL, NULL),
(33, 15, '2018-05-15', '2018-05-15', '2018-12-14', '2018-12-14', NULL, NULL),
(34, 1, '2018-05-25', '2018-05-25', '2018-05-25', '2018-05-25', NULL, NULL),
(34, 3, '2018-05-26', '2018-05-26', '2018-05-26', '2018-05-26', NULL, NULL),
(34, 6, '2018-05-27', '2018-05-27', '2018-05-27', '2018-05-27', NULL, NULL),
(34, 7, '2018-05-28', '2018-05-28', '2018-05-28', '2018-05-28', NULL, NULL),
(34, 13, '2018-05-29', '2018-05-29', '2018-05-29', '2018-05-29', NULL, NULL),
(34, 15, '2018-06-01', '2018-06-01', '2018-12-14', '2018-12-14', NULL, NULL),
(35, 1, '2018-05-25', '2018-05-25', '2018-05-25', '2018-05-25', NULL, NULL),
(35, 3, '2018-05-26', '2018-05-26', '2018-05-26', '2018-05-26', NULL, NULL),
(35, 6, '2018-05-27', '2018-05-27', '2018-05-27', '2018-05-27', NULL, NULL),
(35, 7, '2018-05-28', '2018-05-28', '2018-05-28', '2018-05-28', NULL, NULL),
(35, 13, '2018-05-29', '2018-05-29', '2018-05-29', '2018-05-29', NULL, NULL),
(35, 15, '2018-06-01', '2018-06-01', '2018-12-14', '2018-12-14', NULL, NULL),
(36, 1, '2018-05-25', '2018-05-25', '2018-05-25', '2018-05-25', NULL, NULL),
(36, 3, '2018-05-26', '2018-05-26', '2018-05-26', '2018-05-26', NULL, NULL),
(36, 6, '2018-05-27', '2018-05-27', '2018-05-27', '2018-05-27', NULL, NULL),
(36, 7, '2018-05-28', '2018-05-28', '2018-05-28', '2018-05-28', NULL, NULL),
(36, 13, '2018-05-29', '2018-05-29', '2018-05-29', '2018-05-29', NULL, NULL),
(36, 15, '2018-06-01', '2018-06-01', '2018-12-14', '2018-12-14', NULL, NULL),
(37, 1, '2018-05-25', '2018-05-25', '2018-05-25', '2018-05-25', NULL, NULL),
(37, 3, '2018-05-26', '2018-05-26', '2018-05-26', '2018-05-26', NULL, NULL),
(37, 6, '2018-05-27', '2018-05-27', '2018-05-27', '2018-05-27', NULL, NULL),
(37, 7, '2018-05-28', '2018-05-28', '2018-05-28', '2018-05-28', NULL, NULL),
(37, 13, '2018-05-29', '2018-05-29', '2018-05-29', '2018-05-29', NULL, NULL),
(37, 15, '2018-06-01', '2018-06-01', '2018-12-14', '2018-12-14', NULL, NULL),
(38, 1, '2018-05-25', '2018-05-25', '2018-05-25', '2018-05-25', NULL, NULL),
(38, 3, '2018-05-26', '2018-05-26', '2018-05-26', '2018-05-26', NULL, NULL),
(38, 6, '2018-05-27', '2018-05-27', '2018-05-27', '2018-05-27', NULL, NULL),
(38, 7, '2018-05-28', '2018-05-28', '2018-05-28', '2018-05-28', NULL, NULL),
(38, 13, '2018-05-29', '2018-05-29', '2018-05-29', '2018-05-29', NULL, NULL),
(38, 15, '2018-06-01', '2018-06-01', '2018-12-14', '2018-12-14', NULL, NULL),
(39, 1, '2018-08-27', '2018-08-27', '2018-08-13', '2018-08-13', NULL, NULL),
(39, 3, '2018-08-28', '2018-08-28', '2018-08-23', '2018-08-23', NULL, NULL),
(39, 6, '2018-08-29', '2018-08-29', '2018-08-24', '2018-08-27', NULL, NULL),
(39, 7, '2018-08-30', '2018-08-30', '2018-08-28', '2018-08-30', NULL, NULL),
(39, 13, '2018-08-31', '2018-08-31', '2018-08-31', '2018-08-31', NULL, NULL),
(39, 15, '2018-09-05', '2018-09-05', '2018-10-11', '2018-10-11', NULL, NULL),
(40, 1, '2018-05-25', '2018-05-25', '2018-05-25', '2018-05-25', NULL, NULL),
(40, 3, '2018-05-26', '2018-05-26', '2018-05-26', '2018-05-26', NULL, NULL),
(40, 6, '2018-05-27', '2018-05-27', '2018-05-27', '2018-05-27', NULL, NULL),
(40, 7, '2018-05-28', '2018-05-28', '2018-05-28', '2018-05-28', NULL, NULL),
(40, 13, '2018-05-29', '2018-05-29', '2018-05-29', '2018-05-29', NULL, NULL),
(40, 15, '2018-06-01', '2018-06-01', '2018-12-14', '2018-12-14', NULL, NULL),
(41, 1, '2018-05-25', '2018-05-25', '2018-05-25', '2018-05-25', NULL, NULL),
(41, 3, '2018-05-26', '2018-05-26', '2018-05-26', '2018-05-26', NULL, NULL),
(41, 6, '2018-05-27', '2018-05-27', '2018-05-27', '2018-05-27', NULL, NULL),
(41, 7, '2018-05-28', '2018-05-28', '2018-05-28', '2018-05-28', NULL, NULL),
(41, 13, '2018-05-29', '2018-05-29', '2018-05-29', '2018-05-29', NULL, NULL),
(41, 15, '2018-06-01', '2018-06-01', '2018-12-14', '2018-12-14', NULL, NULL),
(42, 1, '2018-05-25', '2018-05-25', '2018-05-25', '2018-05-25', NULL, NULL),
(42, 3, '2018-05-26', '2018-05-26', '2018-05-26', '2018-05-26', NULL, NULL),
(42, 6, '2018-05-27', '2018-05-27', '2018-05-27', '2018-05-27', NULL, NULL),
(42, 7, '2018-05-28', '2018-05-28', '2018-05-28', '2018-05-28', NULL, NULL),
(42, 13, '2018-05-29', '2018-05-29', '2018-05-29', '2018-05-29', NULL, NULL),
(42, 15, '2018-06-01', '2018-06-01', '2018-12-14', '2018-12-14', NULL, NULL),
(43, 1, '2018-09-15', '2018-09-15', '2018-05-08', '2018-05-08', NULL, NULL),
(43, 3, '2018-09-16', '2018-09-16', '2018-05-09', '2018-05-09', NULL, NULL),
(43, 6, '2018-09-17', '2018-09-17', '2018-05-10', '2018-05-10', NULL, NULL),
(43, 7, '2018-09-18', '2018-09-18', '2018-05-11', '2018-05-11', NULL, NULL),
(43, 13, '2018-10-19', '2018-10-19', '2018-05-12', '2018-05-12', NULL, NULL),
(43, 15, '2018-10-20', '2018-10-20', '2018-12-14', '2018-12-14', NULL, NULL),
(44, 1, '2018-05-25', '2018-05-25', '2018-05-25', '2018-05-25', NULL, NULL),
(44, 3, '2018-05-26', '2018-05-26', '2018-05-26', '2018-05-26', NULL, NULL),
(44, 6, '2018-05-27', '2018-05-27', '2018-05-27', '2018-05-27', NULL, NULL),
(44, 7, '2018-05-28', '2018-05-28', '2018-05-28', '2018-05-28', NULL, NULL),
(44, 13, '2018-05-29', '2018-05-29', '2018-05-29', '2018-05-29', NULL, NULL),
(44, 15, '2018-06-01', '2018-06-01', '2018-12-14', '2018-12-14', NULL, NULL),
(46, 1, '2018-05-25', '2018-05-25', '2018-05-25', '2018-05-25', NULL, NULL),
(46, 3, '2018-05-26', '2018-05-26', '2018-05-26', '2018-05-26', NULL, NULL),
(46, 6, '2018-05-27', '2018-05-27', '2018-05-27', '2018-05-27', NULL, NULL),
(46, 7, '2018-05-28', '2018-05-28', '2018-05-28', '2018-05-28', NULL, NULL),
(46, 13, '2018-05-29', '2018-05-29', '2018-05-29', '2018-05-29', NULL, NULL),
(46, 15, '2018-06-01', '2018-06-01', '2018-12-14', '2018-12-14', NULL, NULL),
(47, 1, '2018-08-27', '2018-08-27', '2018-08-13', '2018-08-13', NULL, NULL),
(47, 3, '2018-08-28', '2018-08-28', '2018-08-23', '2018-08-23', NULL, NULL),
(47, 6, '2018-08-29', '2018-08-29', '2018-08-24', '2018-08-27', NULL, NULL),
(47, 7, '2018-08-30', '2018-08-30', '2018-08-28', '2018-08-30', NULL, NULL),
(47, 13, '2018-08-31', '2018-08-31', '2018-08-31', '2018-08-31', NULL, NULL),
(47, 15, '2018-09-05', '2018-09-05', '2018-10-11', '2018-10-11', NULL, NULL),
(48, 1, '2018-05-08', '2018-05-08', '2018-05-08', '2018-05-08', NULL, NULL),
(48, 3, '2018-05-09', '2018-05-09', '2018-05-09', '2018-05-09', NULL, NULL),
(48, 6, '2018-05-10', '2018-05-10', '2018-05-10', '2018-05-10', NULL, NULL),
(48, 7, '2018-05-11', '2018-05-11', '2018-05-11', '2018-05-11', NULL, NULL),
(48, 13, '2018-05-12', '2018-05-12', '2018-05-12', '2018-05-12', NULL, NULL),
(48, 15, '2018-05-15', '2018-05-15', '2018-12-14', '2018-12-14', NULL, NULL),
(49, 1, '2018-08-13', '2018-08-13', '2018-08-13', '2018-08-13', NULL, NULL),
(49, 3, '2018-08-23', '2018-08-23', '2018-08-23', '2018-08-23', NULL, NULL),
(49, 6, '2018-08-24', '2018-08-27', '2018-08-24', '2018-08-27', NULL, NULL),
(49, 7, '2018-08-28', '2018-08-30', '2018-08-28', '2018-08-30', NULL, NULL),
(49, 13, '2018-08-31', '2018-08-31', '2018-08-31', '2018-08-31', NULL, NULL),
(49, 15, '2018-09-05', '2018-09-05', '2018-10-11', '2018-10-11', NULL, NULL),
(50, 1, '2018-08-23', '2018-08-23', '2018-08-13', '2018-08-13', NULL, NULL),
(50, 3, '2018-08-23', '2018-08-23', '2018-08-23', '2018-08-23', NULL, NULL),
(50, 6, '2018-08-24', '2018-08-27', '2018-08-24', '2018-08-27', NULL, NULL),
(50, 7, '2018-08-28', '2018-08-30', '2018-08-28', '2018-08-30', NULL, NULL),
(50, 13, '2018-08-31', '2018-08-31', '2018-08-31', '2018-08-31', NULL, NULL),
(50, 15, '2018-09-06', '2018-09-06', '2018-10-11', '2018-10-11', NULL, NULL),
(51, 1, '2018-08-23', '2018-08-23', '2018-08-13', '2018-08-13', NULL, NULL),
(51, 3, '2018-08-23', '2018-08-23', '2018-08-23', '2018-08-23', NULL, NULL),
(51, 6, '2018-08-24', '2018-08-27', '2018-08-24', '2018-08-27', NULL, NULL),
(51, 7, '2018-08-28', '2018-08-30', '2018-08-28', '2018-08-30', NULL, NULL),
(51, 13, '2018-08-31', '2018-08-31', '2018-08-31', '2018-08-31', NULL, NULL),
(51, 15, '2018-09-06', '2018-09-06', '2018-10-11', '2018-10-11', NULL, NULL),
(52, 1, '2018-08-23', '2018-08-23', '2018-08-13', '2018-08-13', NULL, NULL),
(52, 3, '2018-08-23', '2018-08-23', '2018-08-23', '2018-08-23', NULL, NULL),
(52, 6, '2018-08-24', '2018-08-27', '2018-08-24', '2018-08-27', NULL, NULL),
(52, 7, '2018-08-28', '2018-08-30', '2018-08-28', '2018-08-30', NULL, NULL),
(52, 13, '2018-08-31', '2018-08-31', '2018-08-31', '2018-08-31', NULL, NULL),
(52, 15, '2018-09-06', '2018-09-06', '2018-10-11', '2018-10-11', NULL, NULL),
(53, 1, '2018-08-23', '2018-08-23', '2018-08-13', '2018-08-13', NULL, NULL),
(53, 3, '2018-08-23', '2018-08-23', '2018-08-23', '2018-08-23', NULL, NULL),
(53, 6, '2018-08-24', '2018-08-27', '2018-08-24', '2018-08-27', NULL, NULL),
(53, 7, '2018-08-28', '2018-08-30', '2018-08-28', '2018-08-30', NULL, NULL),
(53, 13, '2018-08-31', '2018-08-31', '2018-08-31', '2018-08-31', NULL, NULL),
(53, 15, '2018-09-06', '2018-09-06', '2018-10-11', '2018-10-11', NULL, NULL),
(54, 1, '2018-08-23', '2018-08-23', '2018-08-13', '2018-08-13', NULL, NULL),
(54, 3, '2018-08-23', '2018-08-23', '2018-08-23', '2018-08-23', NULL, NULL),
(54, 6, '2018-08-24', '2018-08-27', '2018-08-24', '2018-08-27', NULL, NULL),
(54, 7, '2018-08-28', '2018-08-30', '2018-08-28', '2018-08-30', NULL, NULL),
(54, 13, '2018-08-31', '2018-08-31', '2018-08-31', '2018-08-31', NULL, NULL),
(54, 15, '2018-09-06', '2018-09-06', '2018-10-11', '2018-10-11', NULL, NULL),
(55, 1, '2018-08-23', '2018-08-23', '2018-08-13', '2018-08-13', NULL, NULL),
(55, 3, '2018-08-23', '2018-08-23', '2018-08-23', '2018-08-23', NULL, NULL),
(55, 6, '2018-08-24', '2018-08-27', '2018-08-24', '2018-08-27', NULL, NULL),
(55, 7, '2018-08-28', '2018-08-30', '2018-08-28', '2018-08-30', NULL, NULL),
(55, 13, '2018-08-31', '2018-08-31', '2018-08-31', '2018-08-31', NULL, NULL),
(55, 15, '2018-09-06', '2018-09-06', '2018-10-11', '2018-10-11', NULL, NULL),
(56, 1, '2018-08-23', '2018-08-23', '2018-08-13', '2018-08-13', NULL, NULL),
(56, 3, '2018-08-23', '2018-08-23', '2018-08-23', '2018-08-23', NULL, NULL),
(56, 6, '2018-08-24', '2018-08-27', '2018-08-24', '2018-08-27', NULL, NULL),
(56, 7, '2018-08-28', '2018-08-30', '2018-08-28', '2018-08-30', NULL, NULL),
(56, 13, '2018-08-31', '2018-08-31', '2018-08-31', '2018-08-31', NULL, NULL),
(56, 15, '2018-09-06', '2018-09-06', '2018-10-11', '2018-10-11', NULL, NULL),
(58, 1, '2018-01-30', '2018-01-30', '2018-01-30', '2018-01-30', NULL, NULL),
(58, 3, '2018-02-01', '2018-02-01', '2018-02-01', '2018-02-01', NULL, NULL),
(58, 6, '2018-02-02', '2018-03-15', '2018-02-02', '2018-03-15', NULL, NULL),
(58, 7, '2018-03-16', '2018-04-29', '2018-03-16', '2018-04-29', NULL, NULL),
(58, 13, '2018-04-30', '2018-04-30', '2018-04-30', '2018-04-30', NULL, NULL),
(58, 15, '2018-08-10', '2018-08-10', '2018-08-10', '2018-08-10', NULL, NULL),
(59, 1, '2018-07-01', '2018-07-01', '2018-07-01', '2018-07-01', NULL, NULL),
(59, 3, '2018-07-02', '2018-07-02', '2018-07-02', '2018-07-02', NULL, NULL),
(59, 6, '2018-07-03', '2018-07-03', '2018-07-03', '2018-07-03', NULL, NULL),
(59, 7, '2018-07-04', '2018-07-15', '2018-07-04', '2018-07-15', NULL, NULL),
(59, 13, '2018-07-16', '2018-07-16', '2018-07-16', '2018-07-16', NULL, NULL),
(59, 15, '2018-07-19', '2018-07-19', '2018-07-19', '2018-07-19', NULL, NULL),
(62, 1, '2018-04-01', '2018-04-01', '2018-04-01', '2018-04-01', NULL, NULL),
(62, 3, '2018-04-02', '2018-04-02', '2018-04-02', '2018-04-02', NULL, NULL),
(62, 6, '2018-04-03', '2018-04-03', '2018-04-03', '2018-04-03', NULL, NULL),
(62, 7, '2018-04-04', '2018-04-04', '2018-04-04', '2018-04-30', NULL, NULL),
(62, 13, '2018-04-05', '2018-07-30', '2018-05-01', '2018-12-30', NULL, NULL),
(62, 15, '2018-07-31', '2018-07-31', '2018-12-31', '2018-12-31', NULL, NULL),
(63, 1, '2018-08-08', '2018-08-08', '2018-08-08', '2018-08-08', NULL, NULL),
(63, 3, '2018-08-09', '2018-08-09', '2018-08-09', '2018-08-09', NULL, NULL),
(63, 6, '2018-08-10', '2018-08-10', '2018-08-10', '2018-08-10', NULL, NULL),
(63, 7, '2018-08-11', '2018-08-11', '2018-08-11', '2018-08-12', NULL, NULL),
(63, 13, '2018-07-12', '2018-07-27', '2018-08-13', '2018-01-30', NULL, NULL),
(63, 15, '2018-09-28', '2018-09-28', '2018-01-31', '2018-01-31', NULL, NULL),
(70, 1, NULL, NULL, NULL, NULL, '2019-01-20 15:18:26', NULL),
(70, 2, NULL, NULL, NULL, NULL, '2019-01-20 15:18:26', NULL),
(70, 3, NULL, NULL, NULL, NULL, '2019-01-20 15:18:26', NULL),
(70, 4, NULL, NULL, NULL, NULL, '2019-01-20 15:18:26', NULL),
(70, 5, NULL, NULL, NULL, NULL, '2019-01-20 15:18:26', NULL),
(70, 6, NULL, NULL, NULL, NULL, '2019-01-20 15:18:26', NULL),
(70, 7, NULL, NULL, NULL, NULL, '2019-01-20 15:18:26', NULL),
(70, 8, NULL, NULL, NULL, NULL, '2019-01-20 15:18:26', NULL),
(70, 9, NULL, NULL, NULL, NULL, '2019-01-20 15:18:26', NULL),
(70, 10, NULL, NULL, NULL, NULL, '2019-01-20 15:18:26', NULL),
(70, 11, NULL, NULL, NULL, NULL, '2019-01-20 15:18:26', NULL),
(70, 12, NULL, NULL, NULL, NULL, '2019-01-20 15:18:26', NULL),
(70, 13, NULL, NULL, NULL, NULL, '2019-01-20 15:18:26', NULL),
(70, 14, NULL, NULL, NULL, NULL, '2019-01-20 15:18:26', NULL),
(70, 15, NULL, NULL, NULL, NULL, '2019-01-20 15:18:26', NULL),
(71, 1, NULL, NULL, NULL, NULL, '2019-01-20 15:18:26', NULL),
(71, 2, NULL, NULL, NULL, NULL, '2019-01-20 15:18:26', NULL),
(71, 3, NULL, NULL, NULL, NULL, '2019-01-20 15:18:26', NULL),
(71, 4, NULL, NULL, NULL, NULL, '2019-01-20 15:18:26', NULL),
(71, 5, NULL, NULL, NULL, NULL, '2019-01-20 15:18:26', NULL),
(71, 6, NULL, NULL, NULL, NULL, '2019-01-20 15:18:26', NULL),
(71, 7, NULL, NULL, NULL, NULL, '2019-01-20 15:18:26', NULL),
(71, 8, NULL, NULL, NULL, NULL, '2019-01-20 15:18:26', NULL),
(71, 9, NULL, NULL, NULL, NULL, '2019-01-20 15:18:26', NULL),
(71, 10, NULL, NULL, NULL, NULL, '2019-01-20 15:18:26', NULL),
(71, 11, NULL, NULL, NULL, NULL, '2019-01-20 15:18:26', NULL),
(71, 12, NULL, NULL, NULL, NULL, '2019-01-20 15:18:26', NULL),
(71, 13, NULL, NULL, NULL, NULL, '2019-01-20 15:18:26', NULL),
(71, 14, NULL, NULL, NULL, NULL, '2019-01-20 15:18:26', NULL),
(71, 15, NULL, NULL, NULL, NULL, '2019-01-20 15:18:26', NULL),
(72, 1, NULL, NULL, NULL, NULL, '2019-01-20 15:18:26', NULL),
(72, 2, NULL, NULL, NULL, NULL, '2019-01-20 15:18:26', NULL),
(72, 3, NULL, NULL, NULL, NULL, '2019-01-20 15:18:26', NULL),
(72, 4, NULL, NULL, NULL, NULL, '2019-01-20 15:18:26', NULL),
(72, 5, NULL, NULL, NULL, NULL, '2019-01-20 15:18:26', NULL),
(72, 6, NULL, NULL, NULL, NULL, '2019-01-20 15:18:26', NULL),
(72, 7, NULL, NULL, NULL, NULL, '2019-01-20 15:18:26', NULL),
(72, 8, NULL, NULL, NULL, NULL, '2019-01-20 15:18:26', NULL),
(72, 9, NULL, NULL, NULL, NULL, '2019-01-20 15:18:26', NULL),
(72, 10, NULL, NULL, NULL, NULL, '2019-01-20 15:18:26', NULL),
(72, 11, NULL, NULL, NULL, NULL, '2019-01-20 15:18:26', NULL),
(72, 12, NULL, NULL, NULL, NULL, '2019-01-20 15:18:26', NULL),
(72, 13, NULL, NULL, NULL, NULL, '2019-01-20 15:18:26', NULL),
(72, 14, NULL, NULL, NULL, NULL, '2019-01-20 15:18:26', NULL),
(72, 15, NULL, NULL, NULL, NULL, '2019-01-20 15:18:26', NULL),
(73, 1, NULL, NULL, NULL, NULL, '2019-01-20 15:18:26', NULL),
(73, 2, NULL, NULL, NULL, NULL, '2019-01-20 15:18:26', NULL),
(73, 3, NULL, NULL, NULL, NULL, '2019-01-20 15:18:26', NULL),
(73, 4, NULL, NULL, NULL, NULL, '2019-01-20 15:18:26', NULL),
(73, 5, NULL, NULL, NULL, NULL, '2019-01-20 15:18:26', NULL),
(73, 6, NULL, NULL, NULL, NULL, '2019-01-20 15:18:26', NULL),
(73, 7, NULL, NULL, NULL, NULL, '2019-01-20 15:18:26', NULL),
(73, 8, NULL, NULL, NULL, NULL, '2019-01-20 15:18:26', NULL),
(73, 9, NULL, NULL, NULL, NULL, '2019-01-20 15:18:26', NULL),
(73, 10, NULL, NULL, NULL, NULL, '2019-01-20 15:18:26', NULL),
(73, 11, NULL, NULL, NULL, NULL, '2019-01-20 15:18:26', NULL),
(73, 12, NULL, NULL, NULL, NULL, '2019-01-20 15:18:26', NULL),
(73, 13, NULL, NULL, NULL, NULL, '2019-01-20 15:18:26', NULL),
(73, 14, NULL, NULL, NULL, NULL, '2019-01-20 15:18:26', NULL),
(73, 15, NULL, NULL, NULL, NULL, '2019-01-20 15:18:26', NULL),
(74, 1, NULL, NULL, NULL, NULL, '2019-01-20 15:18:26', NULL),
(74, 2, NULL, NULL, NULL, NULL, '2019-01-20 15:18:26', NULL),
(74, 3, NULL, NULL, NULL, NULL, '2019-01-20 15:18:26', NULL),
(74, 4, NULL, NULL, NULL, NULL, '2019-01-20 15:18:26', NULL),
(74, 5, NULL, NULL, NULL, NULL, '2019-01-20 15:18:26', NULL),
(74, 6, NULL, NULL, NULL, NULL, '2019-01-20 15:18:26', NULL),
(74, 7, NULL, NULL, NULL, NULL, '2019-01-20 15:18:26', NULL),
(74, 8, NULL, NULL, NULL, NULL, '2019-01-20 15:18:26', NULL),
(74, 9, NULL, NULL, NULL, NULL, '2019-01-20 15:18:26', NULL),
(74, 10, NULL, NULL, NULL, NULL, '2019-01-20 15:18:26', NULL),
(74, 11, NULL, NULL, NULL, NULL, '2019-01-20 15:18:26', NULL),
(74, 12, NULL, NULL, NULL, NULL, '2019-01-20 15:18:26', NULL),
(74, 13, NULL, NULL, NULL, NULL, '2019-01-20 15:18:26', NULL),
(74, 14, NULL, NULL, NULL, NULL, '2019-01-20 15:18:26', NULL),
(74, 15, NULL, NULL, NULL, NULL, '2019-01-20 15:18:26', NULL),
(75, 1, NULL, NULL, NULL, NULL, '2019-01-20 15:18:26', NULL),
(75, 2, NULL, NULL, NULL, NULL, '2019-01-20 15:18:26', NULL),
(75, 3, NULL, NULL, NULL, NULL, '2019-01-20 15:18:26', NULL),
(75, 4, NULL, NULL, NULL, NULL, '2019-01-20 15:18:26', NULL),
(75, 5, NULL, NULL, NULL, NULL, '2019-01-20 15:18:26', NULL),
(75, 6, NULL, NULL, NULL, NULL, '2019-01-20 15:18:26', NULL),
(75, 7, NULL, NULL, NULL, NULL, '2019-01-20 15:18:26', NULL),
(75, 8, NULL, NULL, NULL, NULL, '2019-01-20 15:18:26', NULL),
(75, 9, NULL, NULL, NULL, NULL, '2019-01-20 15:18:26', NULL),
(75, 10, NULL, NULL, NULL, NULL, '2019-01-20 15:18:26', NULL),
(75, 11, NULL, NULL, NULL, NULL, '2019-01-20 15:18:26', NULL),
(75, 12, NULL, NULL, NULL, NULL, '2019-01-20 15:18:26', NULL),
(75, 13, NULL, NULL, NULL, NULL, '2019-01-20 15:18:26', NULL),
(75, 14, NULL, NULL, NULL, NULL, '2019-01-20 15:18:26', NULL),
(75, 15, NULL, NULL, NULL, NULL, '2019-01-20 15:18:26', NULL),
(76, 1, NULL, NULL, NULL, NULL, '2019-01-20 15:18:26', NULL),
(76, 2, NULL, NULL, NULL, NULL, '2019-01-20 15:18:26', NULL),
(76, 3, NULL, NULL, NULL, NULL, '2019-01-20 15:18:26', NULL),
(76, 4, NULL, NULL, NULL, NULL, '2019-01-20 15:18:26', NULL),
(76, 5, NULL, NULL, NULL, NULL, '2019-01-20 15:18:26', NULL),
(76, 6, NULL, NULL, NULL, NULL, '2019-01-20 15:18:26', NULL),
(76, 7, NULL, NULL, NULL, NULL, '2019-01-20 15:18:26', NULL),
(76, 8, NULL, NULL, NULL, NULL, '2019-01-20 15:18:26', NULL),
(76, 9, NULL, NULL, NULL, NULL, '2019-01-20 15:18:26', NULL),
(76, 10, NULL, NULL, NULL, NULL, '2019-01-20 15:18:26', NULL),
(76, 11, NULL, NULL, NULL, NULL, '2019-01-20 15:18:26', NULL),
(76, 12, NULL, NULL, NULL, NULL, '2019-01-20 15:18:26', NULL),
(76, 13, NULL, NULL, NULL, NULL, '2019-01-20 15:18:26', NULL),
(76, 14, NULL, NULL, NULL, NULL, '2019-01-20 15:18:26', NULL),
(76, 15, NULL, NULL, NULL, NULL, '2019-01-20 15:18:26', NULL),
(77, 1, NULL, NULL, NULL, NULL, '2019-01-20 15:18:26', NULL),
(77, 2, NULL, NULL, NULL, NULL, '2019-01-20 15:18:26', NULL),
(77, 3, NULL, NULL, NULL, NULL, '2019-01-20 15:18:26', NULL),
(77, 4, NULL, NULL, NULL, NULL, '2019-01-20 15:18:26', NULL),
(77, 5, NULL, NULL, NULL, NULL, '2019-01-20 15:18:26', NULL),
(77, 6, NULL, NULL, NULL, NULL, '2019-01-20 15:18:26', NULL),
(77, 7, NULL, NULL, NULL, NULL, '2019-01-20 15:18:26', NULL),
(77, 8, NULL, NULL, NULL, NULL, '2019-01-20 15:18:26', NULL),
(77, 9, NULL, NULL, NULL, NULL, '2019-01-20 15:18:26', NULL),
(77, 10, NULL, NULL, NULL, NULL, '2019-01-20 15:18:26', NULL),
(77, 11, NULL, NULL, NULL, NULL, '2019-01-20 15:18:26', NULL),
(77, 12, NULL, NULL, NULL, NULL, '2019-01-20 15:18:26', NULL),
(77, 13, NULL, NULL, NULL, NULL, '2019-01-20 15:18:26', NULL),
(77, 14, NULL, NULL, NULL, NULL, '2019-01-20 15:18:26', NULL),
(77, 15, NULL, NULL, NULL, NULL, '2019-01-20 15:18:26', NULL),
(78, 1, NULL, NULL, NULL, NULL, '2019-01-20 15:18:26', NULL),
(78, 2, NULL, NULL, NULL, NULL, '2019-01-20 15:18:26', NULL),
(78, 3, NULL, NULL, NULL, NULL, '2019-01-20 15:18:26', NULL),
(78, 4, NULL, NULL, NULL, NULL, '2019-01-20 15:18:26', NULL),
(78, 5, NULL, NULL, NULL, NULL, '2019-01-20 15:18:26', NULL),
(78, 6, NULL, NULL, NULL, NULL, '2019-01-20 15:18:26', NULL),
(78, 7, NULL, NULL, NULL, NULL, '2019-01-20 15:18:26', NULL),
(78, 8, NULL, NULL, NULL, NULL, '2019-01-20 15:18:26', NULL),
(78, 9, NULL, NULL, NULL, NULL, '2019-01-20 15:18:26', NULL),
(78, 10, NULL, NULL, NULL, NULL, '2019-01-20 15:18:26', NULL),
(78, 11, NULL, NULL, NULL, NULL, '2019-01-20 15:18:26', NULL),
(78, 12, NULL, NULL, NULL, NULL, '2019-01-20 15:18:26', NULL),
(78, 13, NULL, NULL, NULL, NULL, '2019-01-20 15:18:26', NULL),
(78, 14, NULL, NULL, NULL, NULL, '2019-01-20 15:18:26', NULL),
(78, 15, NULL, NULL, NULL, NULL, '2019-01-20 15:18:26', NULL),
(79, 1, NULL, NULL, NULL, NULL, '2019-01-20 15:18:26', NULL),
(79, 2, NULL, NULL, NULL, NULL, '2019-01-20 15:18:26', NULL),
(79, 3, NULL, NULL, NULL, NULL, '2019-01-20 15:18:26', NULL),
(79, 4, NULL, NULL, NULL, NULL, '2019-01-20 15:18:26', NULL),
(79, 5, NULL, NULL, NULL, NULL, '2019-01-20 15:18:26', NULL),
(79, 6, NULL, NULL, NULL, NULL, '2019-01-20 15:18:26', NULL),
(79, 7, NULL, NULL, NULL, NULL, '2019-01-20 15:18:26', NULL),
(79, 8, NULL, NULL, NULL, NULL, '2019-01-20 15:18:26', NULL),
(79, 9, NULL, NULL, NULL, NULL, '2019-01-20 15:18:26', NULL),
(79, 10, NULL, NULL, NULL, NULL, '2019-01-20 15:18:26', NULL),
(79, 11, NULL, NULL, NULL, NULL, '2019-01-20 15:18:26', NULL),
(79, 12, NULL, NULL, NULL, NULL, '2019-01-20 15:18:26', NULL),
(79, 13, NULL, NULL, NULL, NULL, '2019-01-20 15:18:26', NULL),
(79, 14, NULL, NULL, NULL, NULL, '2019-01-20 15:18:26', NULL),
(79, 15, NULL, NULL, NULL, NULL, '2019-01-20 15:18:26', NULL),
(80, 1, NULL, NULL, NULL, NULL, '2019-01-20 15:18:26', NULL),
(80, 2, NULL, NULL, NULL, NULL, '2019-01-20 15:18:26', NULL),
(80, 3, NULL, NULL, NULL, NULL, '2019-01-20 15:18:26', NULL),
(80, 4, NULL, NULL, NULL, NULL, '2019-01-20 15:18:26', NULL),
(80, 5, NULL, NULL, NULL, NULL, '2019-01-20 15:18:26', NULL),
(80, 6, NULL, NULL, NULL, NULL, '2019-01-20 15:18:26', NULL),
(80, 7, NULL, NULL, NULL, NULL, '2019-01-20 15:18:26', NULL),
(80, 8, NULL, NULL, NULL, NULL, '2019-01-20 15:18:26', NULL),
(80, 9, NULL, NULL, NULL, NULL, '2019-01-20 15:18:26', NULL),
(80, 10, NULL, NULL, NULL, NULL, '2019-01-20 15:18:26', NULL),
(80, 11, NULL, NULL, NULL, NULL, '2019-01-20 15:18:26', NULL),
(80, 12, NULL, NULL, NULL, NULL, '2019-01-20 15:18:26', NULL),
(80, 13, NULL, NULL, NULL, NULL, '2019-01-20 15:18:26', NULL),
(80, 14, NULL, NULL, NULL, NULL, '2019-01-20 15:18:26', NULL),
(80, 15, NULL, NULL, NULL, NULL, '2019-01-20 15:18:26', NULL),
(81, 1, NULL, NULL, NULL, NULL, '2019-01-20 15:18:26', NULL),
(81, 2, NULL, NULL, NULL, NULL, '2019-01-20 15:18:26', NULL),
(81, 3, NULL, NULL, NULL, NULL, '2019-01-20 15:18:26', NULL),
(81, 4, NULL, NULL, NULL, NULL, '2019-01-20 15:18:26', NULL),
(81, 5, NULL, NULL, NULL, NULL, '2019-01-20 15:18:26', NULL),
(81, 6, NULL, NULL, NULL, NULL, '2019-01-20 15:18:26', NULL),
(81, 7, NULL, NULL, NULL, NULL, '2019-01-20 15:18:26', NULL),
(81, 8, NULL, NULL, NULL, NULL, '2019-01-20 15:18:26', NULL),
(81, 9, NULL, NULL, NULL, NULL, '2019-01-20 15:18:26', NULL),
(81, 10, NULL, NULL, NULL, NULL, '2019-01-20 15:18:26', NULL),
(81, 11, NULL, NULL, NULL, NULL, '2019-01-20 15:18:26', NULL),
(81, 12, NULL, NULL, NULL, NULL, '2019-01-20 15:18:26', NULL);
INSERT INTO `project_has_master_task` (`project_idproject`, `master_task_idtask`, `est_datestart`, `est_dateend`, `act_datestart`, `act_dateend`, `create_date_task`, `mod_date_task`) VALUES
(81, 13, NULL, NULL, NULL, NULL, '2019-01-20 15:18:26', NULL),
(81, 14, NULL, NULL, NULL, NULL, '2019-01-20 15:18:26', NULL),
(81, 15, NULL, NULL, NULL, NULL, '2019-01-20 15:18:26', NULL),
(82, 1, NULL, NULL, NULL, NULL, '2019-01-20 15:18:26', NULL),
(82, 2, NULL, NULL, NULL, NULL, '2019-01-20 15:18:26', NULL),
(82, 3, NULL, NULL, NULL, NULL, '2019-01-20 15:18:26', NULL),
(82, 4, NULL, NULL, NULL, NULL, '2019-01-20 15:18:26', NULL),
(82, 5, NULL, NULL, NULL, NULL, '2019-01-20 15:18:26', NULL),
(82, 6, NULL, NULL, NULL, NULL, '2019-01-20 15:18:26', NULL),
(82, 7, NULL, NULL, NULL, NULL, '2019-01-20 15:18:26', NULL),
(82, 8, NULL, NULL, NULL, NULL, '2019-01-20 15:18:26', NULL),
(82, 9, NULL, NULL, NULL, NULL, '2019-01-20 15:18:26', NULL),
(82, 10, NULL, NULL, NULL, NULL, '2019-01-20 15:18:26', NULL),
(82, 11, NULL, NULL, NULL, NULL, '2019-01-20 15:18:26', NULL),
(82, 12, NULL, NULL, NULL, NULL, '2019-01-20 15:18:26', NULL),
(82, 13, NULL, NULL, NULL, NULL, '2019-01-20 15:18:26', NULL),
(82, 14, NULL, NULL, NULL, NULL, '2019-01-20 15:18:26', NULL),
(82, 15, NULL, NULL, NULL, NULL, '2019-01-20 15:18:26', NULL),
(83, 1, NULL, NULL, NULL, NULL, '2019-01-20 15:18:26', NULL),
(83, 2, NULL, NULL, NULL, NULL, '2019-01-20 15:18:26', NULL),
(83, 3, NULL, NULL, NULL, NULL, '2019-01-20 15:18:26', NULL),
(83, 4, NULL, NULL, NULL, NULL, '2019-01-20 15:18:26', NULL),
(83, 5, NULL, NULL, NULL, NULL, '2019-01-20 15:18:26', NULL),
(83, 6, NULL, NULL, NULL, NULL, '2019-01-20 15:18:26', NULL),
(83, 7, NULL, NULL, NULL, NULL, '2019-01-20 15:18:26', NULL),
(83, 8, NULL, NULL, NULL, NULL, '2019-01-20 15:18:26', NULL),
(83, 9, NULL, NULL, NULL, NULL, '2019-01-20 15:18:26', NULL),
(83, 10, NULL, NULL, NULL, NULL, '2019-01-20 15:18:26', NULL),
(83, 11, NULL, NULL, NULL, NULL, '2019-01-20 15:18:26', NULL),
(83, 12, NULL, NULL, NULL, NULL, '2019-01-20 15:18:26', NULL),
(83, 13, NULL, NULL, NULL, NULL, '2019-01-20 15:18:26', NULL),
(83, 14, NULL, NULL, NULL, NULL, '2019-01-20 15:18:26', NULL),
(83, 15, NULL, NULL, NULL, NULL, '2019-01-20 15:18:26', NULL),
(84, 1, NULL, NULL, NULL, NULL, '2019-01-20 15:18:26', NULL),
(84, 2, NULL, NULL, NULL, NULL, '2019-01-20 15:18:26', NULL),
(84, 3, NULL, NULL, NULL, NULL, '2019-01-20 15:18:26', NULL),
(84, 4, NULL, NULL, NULL, NULL, '2019-01-20 15:18:26', NULL),
(84, 5, NULL, NULL, NULL, NULL, '2019-01-20 15:18:26', NULL),
(84, 6, NULL, NULL, NULL, NULL, '2019-01-20 15:18:26', NULL),
(84, 7, NULL, NULL, NULL, NULL, '2019-01-20 15:18:26', NULL),
(84, 8, NULL, NULL, NULL, NULL, '2019-01-20 15:18:26', NULL),
(84, 9, NULL, NULL, NULL, NULL, '2019-01-20 15:18:26', NULL),
(84, 10, NULL, NULL, NULL, NULL, '2019-01-20 15:18:26', NULL),
(84, 11, NULL, NULL, NULL, NULL, '2019-01-20 15:18:26', NULL),
(84, 12, NULL, NULL, NULL, NULL, '2019-01-20 15:18:26', NULL),
(84, 13, NULL, NULL, NULL, NULL, '2019-01-20 15:18:26', NULL),
(84, 14, NULL, NULL, NULL, NULL, '2019-01-20 15:18:26', NULL),
(84, 15, NULL, NULL, NULL, NULL, '2019-01-20 15:18:26', NULL),
(85, 1, NULL, NULL, NULL, NULL, '2019-01-20 15:18:26', NULL),
(85, 2, NULL, NULL, NULL, NULL, '2019-01-20 15:18:26', NULL),
(85, 3, NULL, NULL, NULL, NULL, '2019-01-20 15:18:26', NULL),
(85, 4, NULL, NULL, NULL, NULL, '2019-01-20 15:18:26', NULL),
(85, 5, NULL, NULL, NULL, NULL, '2019-01-20 15:18:26', NULL),
(85, 6, NULL, NULL, NULL, NULL, '2019-01-20 15:18:26', NULL),
(85, 7, NULL, NULL, NULL, NULL, '2019-01-20 15:18:26', NULL),
(85, 8, NULL, NULL, NULL, NULL, '2019-01-20 15:18:26', NULL),
(85, 9, NULL, NULL, NULL, NULL, '2019-01-20 15:18:26', NULL),
(85, 10, NULL, NULL, NULL, NULL, '2019-01-20 15:18:26', NULL),
(85, 11, NULL, NULL, NULL, NULL, '2019-01-20 15:18:26', NULL),
(85, 12, NULL, NULL, NULL, NULL, '2019-01-20 15:18:26', NULL),
(85, 13, NULL, NULL, NULL, NULL, '2019-01-20 15:18:26', NULL),
(85, 14, NULL, NULL, NULL, NULL, '2019-01-20 15:18:26', NULL),
(85, 15, NULL, NULL, NULL, NULL, '2019-01-20 15:18:26', NULL),
(86, 1, NULL, NULL, NULL, NULL, '2019-01-20 15:18:26', NULL),
(86, 2, NULL, NULL, NULL, NULL, '2019-01-20 15:18:26', NULL),
(86, 3, NULL, NULL, NULL, NULL, '2019-01-20 15:18:26', NULL),
(86, 4, NULL, NULL, NULL, NULL, '2019-01-20 15:18:26', NULL),
(86, 5, NULL, NULL, NULL, NULL, '2019-01-20 15:18:26', NULL),
(86, 6, NULL, NULL, NULL, NULL, '2019-01-20 15:18:26', NULL),
(86, 7, NULL, NULL, NULL, NULL, '2019-01-20 15:18:26', NULL),
(86, 8, NULL, NULL, NULL, NULL, '2019-01-20 15:18:26', NULL),
(86, 9, NULL, NULL, NULL, NULL, '2019-01-20 15:18:26', NULL),
(86, 10, NULL, NULL, NULL, NULL, '2019-01-20 15:18:26', NULL),
(86, 11, NULL, NULL, NULL, NULL, '2019-01-20 15:18:26', NULL),
(86, 12, NULL, NULL, NULL, NULL, '2019-01-20 15:18:26', NULL),
(86, 13, NULL, NULL, NULL, NULL, '2019-01-20 15:18:26', NULL),
(86, 14, NULL, NULL, NULL, NULL, '2019-01-20 15:18:26', NULL),
(86, 15, NULL, NULL, NULL, NULL, '2019-01-20 15:18:26', NULL),
(87, 1, NULL, NULL, NULL, NULL, '2019-01-20 15:18:26', NULL),
(87, 2, NULL, NULL, NULL, NULL, '2019-01-20 15:18:26', NULL),
(87, 3, NULL, NULL, NULL, NULL, '2019-01-20 15:18:26', NULL),
(87, 4, NULL, NULL, NULL, NULL, '2019-01-20 15:18:26', NULL),
(87, 5, NULL, NULL, NULL, NULL, '2019-01-20 15:18:26', NULL),
(87, 6, NULL, NULL, NULL, NULL, '2019-01-20 15:18:26', NULL),
(87, 7, NULL, NULL, NULL, NULL, '2019-01-20 15:18:26', NULL),
(87, 8, NULL, NULL, NULL, NULL, '2019-01-20 15:18:26', NULL),
(87, 9, NULL, NULL, NULL, NULL, '2019-01-20 15:18:26', NULL),
(87, 10, NULL, NULL, NULL, NULL, '2019-01-20 15:18:26', NULL),
(87, 11, NULL, NULL, NULL, NULL, '2019-01-20 15:18:26', NULL),
(87, 12, NULL, NULL, NULL, NULL, '2019-01-20 15:18:26', NULL),
(87, 13, NULL, NULL, NULL, NULL, '2019-01-20 15:18:26', NULL),
(87, 14, NULL, NULL, NULL, NULL, '2019-01-20 15:18:26', NULL),
(87, 15, NULL, NULL, NULL, NULL, '2019-01-20 15:18:26', NULL),
(88, 1, NULL, NULL, NULL, NULL, '2019-01-20 15:18:26', NULL),
(88, 2, NULL, NULL, NULL, NULL, '2019-01-20 15:18:26', NULL),
(88, 3, NULL, NULL, NULL, NULL, '2019-01-20 15:18:26', NULL),
(88, 4, NULL, NULL, NULL, NULL, '2019-01-20 15:18:26', NULL),
(88, 5, NULL, NULL, NULL, NULL, '2019-01-20 15:18:26', NULL),
(88, 6, NULL, NULL, NULL, NULL, '2019-01-20 15:18:26', NULL),
(88, 7, NULL, NULL, NULL, NULL, '2019-01-20 15:18:26', NULL),
(88, 8, NULL, NULL, NULL, NULL, '2019-01-20 15:18:26', NULL),
(88, 9, NULL, NULL, NULL, NULL, '2019-01-20 15:18:26', NULL),
(88, 10, NULL, NULL, NULL, NULL, '2019-01-20 15:18:26', NULL),
(88, 11, NULL, NULL, NULL, NULL, '2019-01-20 15:18:26', NULL),
(88, 12, NULL, NULL, NULL, NULL, '2019-01-20 15:18:26', NULL),
(88, 13, NULL, NULL, NULL, NULL, '2019-01-20 15:18:26', NULL),
(88, 14, NULL, NULL, NULL, NULL, '2019-01-20 15:18:26', NULL),
(88, 15, NULL, NULL, NULL, NULL, '2019-01-20 15:18:26', NULL),
(89, 1, NULL, NULL, NULL, NULL, '2019-01-20 15:18:26', NULL),
(89, 2, NULL, NULL, NULL, NULL, '2019-01-20 15:18:26', NULL),
(89, 3, NULL, NULL, NULL, NULL, '2019-01-20 15:18:26', NULL),
(89, 4, NULL, NULL, NULL, NULL, '2019-01-20 15:18:26', NULL),
(89, 5, NULL, NULL, NULL, NULL, '2019-01-20 15:18:26', NULL),
(89, 6, NULL, NULL, NULL, NULL, '2019-01-20 15:18:26', NULL),
(89, 7, NULL, NULL, NULL, NULL, '2019-01-20 15:18:26', NULL),
(89, 8, NULL, NULL, NULL, NULL, '2019-01-20 15:18:26', NULL),
(89, 9, NULL, NULL, NULL, NULL, '2019-01-20 15:18:26', NULL),
(89, 10, NULL, NULL, NULL, NULL, '2019-01-20 15:18:26', NULL),
(89, 11, NULL, NULL, NULL, NULL, '2019-01-20 15:18:26', NULL),
(89, 12, NULL, NULL, NULL, NULL, '2019-01-20 15:18:26', NULL),
(89, 13, NULL, NULL, NULL, NULL, '2019-01-20 15:18:26', NULL),
(89, 14, NULL, NULL, NULL, NULL, '2019-01-20 15:18:26', NULL),
(89, 15, NULL, NULL, NULL, NULL, '2019-01-20 15:18:26', NULL),
(90, 1, NULL, NULL, NULL, NULL, '2019-01-20 15:18:26', NULL),
(90, 2, NULL, NULL, NULL, NULL, '2019-01-20 15:18:26', NULL),
(90, 3, NULL, NULL, NULL, NULL, '2019-01-20 15:18:26', NULL),
(90, 4, NULL, NULL, NULL, NULL, '2019-01-20 15:18:26', NULL),
(90, 5, NULL, NULL, NULL, NULL, '2019-01-20 15:18:26', NULL),
(90, 6, NULL, NULL, NULL, NULL, '2019-01-20 15:18:26', NULL),
(90, 7, NULL, NULL, NULL, NULL, '2019-01-20 15:18:26', NULL),
(90, 8, NULL, NULL, NULL, NULL, '2019-01-20 15:18:26', NULL),
(90, 9, NULL, NULL, NULL, NULL, '2019-01-20 15:18:26', NULL),
(90, 10, NULL, NULL, NULL, NULL, '2019-01-20 15:18:26', NULL),
(90, 11, NULL, NULL, NULL, NULL, '2019-01-20 15:18:26', NULL),
(90, 12, NULL, NULL, NULL, NULL, '2019-01-20 15:18:26', NULL),
(90, 13, NULL, NULL, NULL, NULL, '2019-01-20 15:18:26', NULL),
(90, 14, NULL, NULL, NULL, NULL, '2019-01-20 15:18:26', NULL),
(90, 15, NULL, NULL, NULL, NULL, '2019-01-20 15:18:26', NULL),
(91, 1, '2019-01-21', '2019-01-21', '2019-01-21', '2019-01-21', '2019-01-20 15:18:26', NULL),
(91, 2, '2019-01-22', '2019-02-11', '2019-01-22', '2019-01-22', '2019-01-20 15:18:26', NULL),
(91, 3, '2019-02-12', '2019-02-12', '2019-02-12', '2019-02-13', '2019-01-20 15:18:26', NULL),
(91, 4, '2019-02-13', '2019-02-15', '2019-02-14', NULL, '2019-01-20 15:18:26', NULL),
(91, 5, '2019-02-18', '2019-02-22', NULL, NULL, '2019-01-20 15:18:26', NULL),
(91, 6, '2019-02-18', '2019-02-22', NULL, NULL, '2019-01-20 15:18:26', NULL),
(91, 7, '2019-02-18', '2019-02-22', NULL, NULL, '2019-01-20 15:18:26', NULL),
(91, 8, '2019-02-18', '2019-02-22', NULL, NULL, '2019-01-20 15:18:26', NULL),
(91, 9, '2019-02-25', '2019-03-01', NULL, NULL, '2019-01-20 15:18:26', NULL),
(91, 10, '2019-02-25', '2019-03-01', NULL, NULL, '2019-01-20 15:18:26', NULL),
(91, 11, '2019-03-04', '2019-03-06', NULL, NULL, '2019-01-20 15:18:26', NULL),
(91, 12, '2019-03-04', '2019-03-06', NULL, NULL, '2019-01-20 15:18:26', NULL),
(91, 13, '2019-03-14', '2019-03-14', NULL, NULL, '2019-01-20 15:18:26', NULL),
(91, 14, '2019-03-11', '2019-03-13', NULL, NULL, '2019-01-20 15:18:26', NULL),
(91, 15, '2019-03-21', '2019-03-21', NULL, NULL, '2019-01-20 15:18:26', NULL),
(92, 1, NULL, NULL, NULL, NULL, '2019-01-20 15:18:26', NULL),
(92, 2, NULL, NULL, NULL, NULL, '2019-01-20 15:18:26', NULL),
(92, 3, NULL, NULL, NULL, NULL, '2019-01-20 15:18:26', NULL),
(92, 4, NULL, NULL, NULL, NULL, '2019-01-20 15:18:26', NULL),
(92, 5, NULL, NULL, NULL, NULL, '2019-01-20 15:18:26', NULL),
(92, 6, NULL, NULL, NULL, NULL, '2019-01-20 15:18:26', NULL),
(92, 7, NULL, NULL, NULL, NULL, '2019-01-20 15:18:26', NULL),
(92, 8, NULL, NULL, NULL, NULL, '2019-01-20 15:18:26', NULL),
(92, 9, NULL, NULL, NULL, NULL, '2019-01-20 15:18:26', NULL),
(92, 10, NULL, NULL, NULL, NULL, '2019-01-20 15:18:26', NULL),
(92, 11, NULL, NULL, NULL, NULL, '2019-01-20 15:18:26', NULL),
(92, 12, NULL, NULL, NULL, NULL, '2019-01-20 15:18:26', NULL),
(92, 13, NULL, NULL, NULL, NULL, '2019-01-20 15:18:26', NULL),
(92, 14, NULL, NULL, NULL, NULL, '2019-01-20 15:18:26', NULL),
(92, 15, NULL, NULL, NULL, NULL, '2019-01-20 15:18:26', NULL),
(93, 1, NULL, NULL, NULL, NULL, '2019-01-20 15:18:26', NULL),
(93, 2, NULL, NULL, NULL, NULL, '2019-01-20 15:18:26', NULL),
(93, 3, NULL, NULL, NULL, NULL, '2019-01-20 15:18:26', NULL),
(93, 4, NULL, NULL, NULL, NULL, '2019-01-20 15:18:26', NULL),
(93, 5, NULL, NULL, NULL, NULL, '2019-01-20 15:18:26', NULL),
(93, 6, NULL, NULL, NULL, NULL, '2019-01-20 15:18:26', NULL),
(93, 7, NULL, NULL, NULL, NULL, '2019-01-20 15:18:26', NULL),
(93, 8, NULL, NULL, NULL, NULL, '2019-01-20 15:18:26', NULL),
(93, 9, NULL, NULL, NULL, NULL, '2019-01-20 15:18:26', NULL),
(93, 10, NULL, NULL, NULL, NULL, '2019-01-20 15:18:26', NULL),
(93, 11, NULL, NULL, NULL, NULL, '2019-01-20 15:18:26', NULL),
(93, 12, NULL, NULL, NULL, NULL, '2019-01-20 15:18:26', NULL),
(93, 13, NULL, NULL, NULL, NULL, '2019-01-20 15:18:26', NULL),
(93, 14, NULL, NULL, NULL, NULL, '2019-01-20 15:18:26', NULL),
(93, 15, NULL, NULL, NULL, NULL, '2019-01-20 15:18:26', NULL),
(94, 1, NULL, NULL, NULL, NULL, '2019-01-20 15:18:26', NULL),
(94, 2, NULL, NULL, NULL, NULL, '2019-01-20 15:18:26', NULL),
(94, 3, NULL, NULL, NULL, NULL, '2019-01-20 15:18:26', NULL),
(94, 4, NULL, NULL, NULL, NULL, '2019-01-20 15:18:26', NULL),
(94, 5, NULL, NULL, NULL, NULL, '2019-01-20 15:18:26', NULL),
(94, 6, NULL, NULL, NULL, NULL, '2019-01-20 15:18:26', NULL),
(94, 7, NULL, NULL, NULL, NULL, '2019-01-20 15:18:26', NULL),
(94, 8, NULL, NULL, NULL, NULL, '2019-01-20 15:18:26', NULL),
(94, 9, NULL, NULL, NULL, NULL, '2019-01-20 15:18:26', NULL),
(94, 10, NULL, NULL, NULL, NULL, '2019-01-20 15:18:26', NULL),
(94, 11, NULL, NULL, NULL, NULL, '2019-01-20 15:18:26', NULL),
(94, 12, NULL, NULL, NULL, NULL, '2019-01-20 15:18:26', NULL),
(94, 13, NULL, NULL, NULL, NULL, '2019-01-20 15:18:26', NULL),
(94, 14, NULL, NULL, NULL, NULL, '2019-01-20 15:18:26', NULL),
(94, 15, NULL, NULL, NULL, NULL, '2019-01-20 15:18:26', NULL),
(95, 1, NULL, NULL, NULL, NULL, '2019-01-20 15:18:26', NULL),
(95, 2, NULL, NULL, NULL, NULL, '2019-01-20 15:18:26', NULL),
(95, 3, NULL, NULL, NULL, NULL, '2019-01-20 15:18:26', NULL),
(95, 4, NULL, NULL, NULL, NULL, '2019-01-20 15:18:26', NULL),
(95, 5, NULL, NULL, NULL, NULL, '2019-01-20 15:18:26', NULL),
(95, 6, NULL, NULL, NULL, NULL, '2019-01-20 15:18:26', NULL),
(95, 7, NULL, NULL, NULL, NULL, '2019-01-20 15:18:26', NULL),
(95, 8, NULL, NULL, NULL, NULL, '2019-01-20 15:18:26', NULL),
(95, 9, NULL, NULL, NULL, NULL, '2019-01-20 15:18:26', NULL),
(95, 10, NULL, NULL, NULL, NULL, '2019-01-20 15:18:26', NULL),
(95, 11, NULL, NULL, NULL, NULL, '2019-01-20 15:18:26', NULL),
(95, 12, NULL, NULL, NULL, NULL, '2019-01-20 15:18:26', NULL),
(95, 13, NULL, NULL, NULL, NULL, '2019-01-20 15:18:26', NULL),
(95, 14, NULL, NULL, NULL, NULL, '2019-01-20 15:18:26', NULL),
(95, 15, NULL, NULL, NULL, NULL, '2019-01-20 15:18:26', NULL),
(96, 1, NULL, NULL, NULL, NULL, '2019-01-20 15:18:26', NULL),
(96, 2, NULL, NULL, NULL, NULL, '2019-01-20 15:18:26', NULL),
(96, 3, NULL, NULL, NULL, NULL, '2019-01-20 15:18:26', NULL),
(96, 4, NULL, NULL, NULL, NULL, '2019-01-20 15:18:26', NULL),
(96, 5, NULL, NULL, NULL, NULL, '2019-01-20 15:18:26', NULL),
(96, 6, NULL, NULL, NULL, NULL, '2019-01-20 15:18:26', NULL),
(96, 7, NULL, NULL, NULL, NULL, '2019-01-20 15:18:26', NULL),
(96, 8, NULL, NULL, NULL, NULL, '2019-01-20 15:18:26', NULL),
(96, 9, NULL, NULL, NULL, NULL, '2019-01-20 15:18:26', NULL),
(96, 10, NULL, NULL, NULL, NULL, '2019-01-20 15:18:26', NULL),
(96, 11, NULL, NULL, NULL, NULL, '2019-01-20 15:18:26', NULL),
(96, 12, NULL, NULL, NULL, NULL, '2019-01-20 15:18:26', NULL),
(96, 13, NULL, NULL, NULL, NULL, '2019-01-20 15:18:26', NULL),
(96, 14, NULL, NULL, NULL, NULL, '2019-01-20 15:18:26', NULL),
(96, 15, NULL, NULL, NULL, NULL, '2019-01-20 15:18:26', NULL),
(97, 1, NULL, NULL, NULL, NULL, '2019-01-20 15:18:26', NULL),
(97, 2, NULL, NULL, NULL, NULL, '2019-01-20 15:18:26', NULL),
(97, 3, NULL, NULL, NULL, NULL, '2019-01-20 15:18:26', NULL),
(97, 4, NULL, NULL, NULL, NULL, '2019-01-20 15:18:26', NULL),
(97, 5, NULL, NULL, NULL, NULL, '2019-01-20 15:18:26', NULL),
(97, 6, NULL, NULL, NULL, NULL, '2019-01-20 15:18:26', NULL),
(97, 7, NULL, NULL, NULL, NULL, '2019-01-20 15:18:26', NULL),
(97, 8, NULL, NULL, NULL, NULL, '2019-01-20 15:18:26', NULL),
(97, 9, NULL, NULL, NULL, NULL, '2019-01-20 15:18:26', NULL),
(97, 10, NULL, NULL, NULL, NULL, '2019-01-20 15:18:26', NULL),
(97, 11, NULL, NULL, NULL, NULL, '2019-01-20 15:18:26', NULL),
(97, 12, NULL, NULL, NULL, NULL, '2019-01-20 15:18:26', NULL),
(97, 13, NULL, NULL, NULL, NULL, '2019-01-20 15:18:26', NULL),
(97, 14, NULL, NULL, NULL, NULL, '2019-01-20 15:18:26', NULL),
(97, 15, NULL, NULL, NULL, NULL, '2019-01-20 15:18:26', NULL),
(98, 1, NULL, NULL, NULL, NULL, '2019-01-20 15:18:26', NULL),
(98, 2, NULL, NULL, NULL, NULL, '2019-01-20 15:18:26', NULL),
(98, 3, NULL, NULL, NULL, NULL, '2019-01-20 15:18:26', NULL),
(98, 4, NULL, NULL, NULL, NULL, '2019-01-20 15:18:26', NULL),
(98, 5, NULL, NULL, NULL, NULL, '2019-01-20 15:18:26', NULL),
(98, 6, NULL, NULL, NULL, NULL, '2019-01-20 15:18:26', NULL),
(98, 7, NULL, NULL, NULL, NULL, '2019-01-20 15:18:26', NULL),
(98, 8, NULL, NULL, NULL, NULL, '2019-01-20 15:18:26', NULL),
(98, 9, NULL, NULL, NULL, NULL, '2019-01-20 15:18:26', NULL),
(98, 10, NULL, NULL, NULL, NULL, '2019-01-20 15:18:26', NULL),
(98, 11, NULL, NULL, NULL, NULL, '2019-01-20 15:18:26', NULL),
(98, 12, NULL, NULL, NULL, NULL, '2019-01-20 15:18:26', NULL),
(98, 13, NULL, NULL, NULL, NULL, '2019-01-20 15:18:26', NULL),
(98, 14, NULL, NULL, NULL, NULL, '2019-01-20 15:18:26', NULL),
(98, 15, NULL, NULL, NULL, NULL, '2019-01-20 15:18:26', NULL),
(99, 1, NULL, NULL, NULL, NULL, '2019-01-20 15:18:26', NULL),
(99, 2, NULL, NULL, NULL, NULL, '2019-01-20 15:18:26', NULL),
(99, 3, NULL, NULL, NULL, NULL, '2019-01-20 15:18:26', NULL),
(99, 4, NULL, NULL, NULL, NULL, '2019-01-20 15:18:26', NULL),
(99, 5, NULL, NULL, NULL, NULL, '2019-01-20 15:18:26', NULL),
(99, 6, NULL, NULL, NULL, NULL, '2019-01-20 15:18:26', NULL),
(99, 7, NULL, NULL, NULL, NULL, '2019-01-20 15:18:26', NULL),
(99, 8, NULL, NULL, NULL, NULL, '2019-01-20 15:18:26', NULL),
(99, 9, NULL, NULL, NULL, NULL, '2019-01-20 15:18:26', NULL),
(99, 10, NULL, NULL, NULL, NULL, '2019-01-20 15:18:26', NULL),
(99, 11, NULL, NULL, NULL, NULL, '2019-01-20 15:18:26', NULL),
(99, 12, NULL, NULL, NULL, NULL, '2019-01-20 15:18:26', NULL),
(99, 13, NULL, NULL, NULL, NULL, '2019-01-20 15:18:26', NULL),
(99, 14, NULL, NULL, NULL, NULL, '2019-01-20 15:18:26', NULL),
(99, 15, NULL, NULL, NULL, NULL, '2019-01-20 15:18:26', NULL),
(100, 1, NULL, NULL, NULL, NULL, '2019-01-20 15:18:26', NULL),
(100, 2, NULL, NULL, NULL, NULL, '2019-01-20 15:18:26', NULL),
(100, 3, NULL, NULL, NULL, NULL, '2019-01-20 15:18:26', NULL),
(100, 4, NULL, NULL, NULL, NULL, '2019-01-20 15:18:26', NULL),
(100, 5, NULL, NULL, NULL, NULL, '2019-01-20 15:18:26', NULL),
(100, 6, NULL, NULL, NULL, NULL, '2019-01-20 15:18:26', NULL),
(100, 7, NULL, NULL, NULL, NULL, '2019-01-20 15:18:26', NULL),
(100, 8, NULL, NULL, NULL, NULL, '2019-01-20 15:18:26', NULL),
(100, 9, NULL, NULL, NULL, NULL, '2019-01-20 15:18:26', NULL),
(100, 10, NULL, NULL, NULL, NULL, '2019-01-20 15:18:26', NULL),
(100, 11, NULL, NULL, NULL, NULL, '2019-01-20 15:18:26', NULL),
(100, 12, NULL, NULL, NULL, NULL, '2019-01-20 15:18:26', NULL),
(100, 13, NULL, NULL, NULL, NULL, '2019-01-20 15:18:26', NULL),
(100, 14, NULL, NULL, NULL, NULL, '2019-01-20 15:18:26', NULL),
(100, 15, NULL, NULL, NULL, NULL, '2019-01-20 15:18:26', NULL),
(101, 1, NULL, NULL, NULL, NULL, '2019-01-20 15:18:26', NULL),
(101, 2, NULL, NULL, NULL, NULL, '2019-01-20 15:18:26', NULL),
(101, 3, NULL, NULL, NULL, NULL, '2019-01-20 15:18:26', NULL),
(101, 4, NULL, NULL, NULL, NULL, '2019-01-20 15:18:26', NULL),
(101, 5, NULL, NULL, NULL, NULL, '2019-01-20 15:18:26', NULL),
(101, 6, NULL, NULL, NULL, NULL, '2019-01-20 15:18:26', NULL),
(101, 7, NULL, NULL, NULL, NULL, '2019-01-20 15:18:26', NULL),
(101, 8, NULL, NULL, NULL, NULL, '2019-01-20 15:18:26', NULL),
(101, 9, NULL, NULL, NULL, NULL, '2019-01-20 15:18:26', NULL),
(101, 10, NULL, NULL, NULL, NULL, '2019-01-20 15:18:26', NULL),
(101, 11, NULL, NULL, NULL, NULL, '2019-01-20 15:18:26', NULL),
(101, 12, NULL, NULL, NULL, NULL, '2019-01-20 15:18:26', NULL),
(101, 13, NULL, NULL, NULL, NULL, '2019-01-20 15:18:26', NULL),
(101, 14, NULL, NULL, NULL, NULL, '2019-01-20 15:18:26', NULL),
(101, 15, NULL, NULL, NULL, NULL, '2019-01-20 15:18:26', NULL),
(102, 1, NULL, NULL, NULL, NULL, '2019-01-20 15:18:26', NULL),
(102, 2, NULL, NULL, NULL, NULL, '2019-01-20 15:18:26', NULL),
(102, 3, NULL, NULL, NULL, NULL, '2019-01-20 15:18:26', NULL),
(102, 4, NULL, NULL, NULL, NULL, '2019-01-20 15:18:26', NULL),
(102, 5, NULL, NULL, NULL, NULL, '2019-01-20 15:18:26', NULL),
(102, 6, NULL, NULL, NULL, NULL, '2019-01-20 15:18:26', NULL),
(102, 7, NULL, NULL, NULL, NULL, '2019-01-20 15:18:26', NULL),
(102, 8, NULL, NULL, NULL, NULL, '2019-01-20 15:18:26', NULL),
(102, 9, NULL, NULL, NULL, NULL, '2019-01-20 15:18:26', NULL),
(102, 10, NULL, NULL, NULL, NULL, '2019-01-20 15:18:26', NULL),
(102, 11, NULL, NULL, NULL, NULL, '2019-01-20 15:18:26', NULL),
(102, 12, NULL, NULL, NULL, NULL, '2019-01-20 15:18:26', NULL),
(102, 13, NULL, NULL, NULL, NULL, '2019-01-20 15:18:26', NULL),
(102, 14, NULL, NULL, NULL, NULL, '2019-01-20 15:18:26', NULL),
(102, 15, NULL, NULL, NULL, NULL, '2019-01-20 15:18:26', NULL),
(103, 1, NULL, NULL, NULL, NULL, '2019-01-20 15:18:26', NULL),
(103, 2, NULL, NULL, NULL, NULL, '2019-01-20 15:18:26', NULL),
(103, 3, NULL, NULL, NULL, NULL, '2019-01-20 15:18:26', NULL),
(103, 4, NULL, NULL, NULL, NULL, '2019-01-20 15:18:26', NULL),
(103, 5, NULL, NULL, NULL, NULL, '2019-01-20 15:18:26', NULL),
(103, 6, NULL, NULL, NULL, NULL, '2019-01-20 15:18:26', NULL),
(103, 7, NULL, NULL, NULL, NULL, '2019-01-20 15:18:26', NULL),
(103, 8, NULL, NULL, NULL, NULL, '2019-01-20 15:18:26', NULL),
(103, 9, NULL, NULL, NULL, NULL, '2019-01-20 15:18:26', NULL),
(103, 10, NULL, NULL, NULL, NULL, '2019-01-20 15:18:26', NULL),
(103, 11, NULL, NULL, NULL, NULL, '2019-01-20 15:18:26', NULL),
(103, 12, NULL, NULL, NULL, NULL, '2019-01-20 15:18:26', NULL),
(103, 13, NULL, NULL, NULL, NULL, '2019-01-20 15:18:26', NULL),
(103, 14, NULL, NULL, NULL, NULL, '2019-01-20 15:18:26', NULL),
(103, 15, NULL, NULL, NULL, NULL, '2019-01-20 15:18:26', NULL),
(104, 1, NULL, NULL, NULL, NULL, '2019-01-20 15:18:26', NULL),
(104, 2, NULL, NULL, NULL, NULL, '2019-01-20 15:18:26', NULL),
(104, 3, NULL, NULL, NULL, NULL, '2019-01-20 15:18:26', NULL),
(104, 4, NULL, NULL, NULL, NULL, '2019-01-20 15:18:26', NULL),
(104, 5, NULL, NULL, NULL, NULL, '2019-01-20 15:18:26', NULL),
(104, 6, NULL, NULL, NULL, NULL, '2019-01-20 15:18:26', NULL),
(104, 7, NULL, NULL, NULL, NULL, '2019-01-20 15:18:26', NULL),
(104, 8, NULL, NULL, NULL, NULL, '2019-01-20 15:18:26', NULL),
(104, 9, NULL, NULL, NULL, NULL, '2019-01-20 15:18:26', NULL),
(104, 10, NULL, NULL, NULL, NULL, '2019-01-20 15:18:26', NULL),
(104, 11, NULL, NULL, NULL, NULL, '2019-01-20 15:18:26', NULL),
(104, 12, NULL, NULL, NULL, NULL, '2019-01-20 15:18:26', NULL),
(104, 13, NULL, NULL, NULL, NULL, '2019-01-20 15:18:26', NULL),
(104, 14, NULL, NULL, NULL, NULL, '2019-01-20 15:18:26', NULL),
(104, 15, NULL, NULL, NULL, NULL, '2019-01-20 15:18:26', NULL),
(105, 1, NULL, NULL, NULL, NULL, '2019-01-20 15:18:26', NULL),
(105, 2, NULL, NULL, NULL, NULL, '2019-01-20 15:18:26', NULL),
(105, 3, NULL, NULL, NULL, NULL, '2019-01-20 15:18:26', NULL),
(105, 4, NULL, NULL, NULL, NULL, '2019-01-20 15:18:26', NULL),
(105, 5, NULL, NULL, NULL, NULL, '2019-01-20 15:18:26', NULL),
(105, 6, NULL, NULL, NULL, NULL, '2019-01-20 15:18:26', NULL),
(105, 7, NULL, NULL, NULL, NULL, '2019-01-20 15:18:26', NULL),
(105, 8, NULL, NULL, NULL, NULL, '2019-01-20 15:18:26', NULL),
(105, 9, NULL, NULL, NULL, NULL, '2019-01-20 15:18:26', NULL),
(105, 10, NULL, NULL, NULL, NULL, '2019-01-20 15:18:26', NULL),
(105, 11, NULL, NULL, NULL, NULL, '2019-01-20 15:18:26', NULL),
(105, 12, NULL, NULL, NULL, NULL, '2019-01-20 15:18:26', NULL),
(105, 13, NULL, NULL, NULL, NULL, '2019-01-20 15:18:26', NULL),
(105, 14, NULL, NULL, NULL, NULL, '2019-01-20 15:18:26', NULL),
(105, 15, NULL, NULL, NULL, NULL, '2019-01-20 15:18:26', NULL),
(106, 1, NULL, NULL, NULL, NULL, '2019-01-20 15:18:26', NULL),
(106, 2, NULL, NULL, NULL, NULL, '2019-01-20 15:18:26', NULL),
(106, 3, NULL, NULL, NULL, NULL, '2019-01-20 15:18:26', NULL),
(106, 4, NULL, NULL, NULL, NULL, '2019-01-20 15:18:26', NULL),
(106, 5, NULL, NULL, NULL, NULL, '2019-01-20 15:18:26', NULL),
(106, 6, NULL, NULL, NULL, NULL, '2019-01-20 15:18:26', NULL),
(106, 7, NULL, NULL, NULL, NULL, '2019-01-20 15:18:26', NULL),
(106, 8, NULL, NULL, NULL, NULL, '2019-01-20 15:18:26', NULL),
(106, 9, NULL, NULL, NULL, NULL, '2019-01-20 15:18:26', NULL),
(106, 10, NULL, NULL, NULL, NULL, '2019-01-20 15:18:26', NULL),
(106, 11, NULL, NULL, NULL, NULL, '2019-01-20 15:18:26', NULL),
(106, 12, NULL, NULL, NULL, NULL, '2019-01-20 15:18:26', NULL),
(106, 13, NULL, NULL, NULL, NULL, '2019-01-20 15:18:26', NULL),
(106, 14, NULL, NULL, NULL, NULL, '2019-01-20 15:18:26', NULL),
(106, 15, NULL, NULL, NULL, NULL, '2019-01-20 15:18:26', NULL),
(107, 1, NULL, NULL, NULL, NULL, '2019-01-20 15:18:26', NULL),
(107, 2, NULL, NULL, NULL, NULL, '2019-01-20 15:18:26', NULL),
(107, 3, NULL, NULL, NULL, NULL, '2019-01-20 15:18:26', NULL),
(107, 4, NULL, NULL, NULL, NULL, '2019-01-20 15:18:26', NULL),
(107, 5, NULL, NULL, NULL, NULL, '2019-01-20 15:18:26', NULL),
(107, 6, NULL, NULL, NULL, NULL, '2019-01-20 15:18:26', NULL),
(107, 7, NULL, NULL, NULL, NULL, '2019-01-20 15:18:26', NULL),
(107, 8, NULL, NULL, NULL, NULL, '2019-01-20 15:18:26', NULL),
(107, 9, NULL, NULL, NULL, NULL, '2019-01-20 15:18:26', NULL),
(107, 10, NULL, NULL, NULL, NULL, '2019-01-20 15:18:26', NULL),
(107, 11, NULL, NULL, NULL, NULL, '2019-01-20 15:18:26', NULL),
(107, 12, NULL, NULL, NULL, NULL, '2019-01-20 15:18:26', NULL),
(107, 13, NULL, NULL, NULL, NULL, '2019-01-20 15:18:26', NULL),
(107, 14, NULL, NULL, NULL, NULL, '2019-01-20 15:18:26', NULL),
(107, 15, NULL, NULL, NULL, NULL, '2019-01-20 15:18:26', NULL),
(108, 1, NULL, NULL, NULL, NULL, '2019-01-20 15:18:26', NULL),
(108, 2, NULL, NULL, NULL, NULL, '2019-01-20 15:18:26', NULL),
(108, 3, NULL, NULL, NULL, NULL, '2019-01-20 15:18:26', NULL),
(108, 4, NULL, NULL, NULL, NULL, '2019-01-20 15:18:26', NULL),
(108, 5, NULL, NULL, NULL, NULL, '2019-01-20 15:18:26', NULL),
(108, 6, NULL, NULL, NULL, NULL, '2019-01-20 15:18:26', NULL),
(108, 7, NULL, NULL, NULL, NULL, '2019-01-20 15:18:26', NULL),
(108, 8, NULL, NULL, NULL, NULL, '2019-01-20 15:18:26', NULL),
(108, 9, NULL, NULL, NULL, NULL, '2019-01-20 15:18:26', NULL),
(108, 10, NULL, NULL, NULL, NULL, '2019-01-20 15:18:26', NULL),
(108, 11, NULL, NULL, NULL, NULL, '2019-01-20 15:18:26', NULL),
(108, 12, NULL, NULL, NULL, NULL, '2019-01-20 15:18:26', NULL),
(108, 13, NULL, NULL, NULL, NULL, '2019-01-20 15:18:26', NULL),
(108, 14, NULL, NULL, NULL, NULL, '2019-01-20 15:18:26', NULL),
(108, 15, NULL, NULL, NULL, NULL, '2019-01-20 15:18:26', NULL),
(109, 1, NULL, NULL, NULL, NULL, '2019-01-20 15:18:26', NULL),
(109, 2, NULL, NULL, NULL, NULL, '2019-01-20 15:18:26', NULL),
(109, 3, NULL, NULL, NULL, NULL, '2019-01-20 15:18:26', NULL),
(109, 4, NULL, NULL, NULL, NULL, '2019-01-20 15:18:26', NULL),
(109, 5, NULL, NULL, NULL, NULL, '2019-01-20 15:18:26', NULL),
(109, 6, NULL, NULL, NULL, NULL, '2019-01-20 15:18:26', NULL),
(109, 7, NULL, NULL, NULL, NULL, '2019-01-20 15:18:26', NULL),
(109, 8, NULL, NULL, NULL, NULL, '2019-01-20 15:18:26', NULL),
(109, 9, NULL, NULL, NULL, NULL, '2019-01-20 15:18:26', NULL),
(109, 10, NULL, NULL, NULL, NULL, '2019-01-20 15:18:26', NULL),
(109, 11, NULL, NULL, NULL, NULL, '2019-01-20 15:18:26', NULL),
(109, 12, NULL, NULL, NULL, NULL, '2019-01-20 15:18:26', NULL),
(109, 13, NULL, NULL, NULL, NULL, '2019-01-20 15:18:26', NULL),
(109, 14, NULL, NULL, NULL, NULL, '2019-01-20 15:18:26', NULL),
(109, 15, NULL, NULL, NULL, NULL, '2019-01-20 15:18:26', NULL),
(110, 1, NULL, NULL, NULL, NULL, '2019-01-20 15:18:26', NULL),
(110, 2, NULL, NULL, NULL, NULL, '2019-01-20 15:18:26', NULL),
(110, 3, NULL, NULL, NULL, NULL, '2019-01-20 15:18:26', NULL),
(110, 4, NULL, NULL, NULL, NULL, '2019-01-20 15:18:26', NULL),
(110, 5, NULL, NULL, NULL, NULL, '2019-01-20 15:18:26', NULL),
(110, 6, NULL, NULL, NULL, NULL, '2019-01-20 15:18:26', NULL),
(110, 7, NULL, NULL, NULL, NULL, '2019-01-20 15:18:26', NULL),
(110, 8, NULL, NULL, NULL, NULL, '2019-01-20 15:18:26', NULL),
(110, 9, NULL, NULL, NULL, NULL, '2019-01-20 15:18:26', NULL),
(110, 10, NULL, NULL, NULL, NULL, '2019-01-20 15:18:26', NULL),
(110, 11, NULL, NULL, NULL, NULL, '2019-01-20 15:18:26', NULL),
(110, 12, NULL, NULL, NULL, NULL, '2019-01-20 15:18:26', NULL),
(110, 13, NULL, NULL, NULL, NULL, '2019-01-20 15:18:26', NULL),
(110, 14, NULL, NULL, NULL, NULL, '2019-01-20 15:18:26', NULL),
(110, 15, NULL, NULL, NULL, NULL, '2019-01-20 15:18:26', NULL),
(111, 1, NULL, NULL, NULL, NULL, '2019-01-20 15:18:26', NULL),
(111, 2, NULL, NULL, NULL, NULL, '2019-01-20 15:18:26', NULL),
(111, 3, NULL, NULL, NULL, NULL, '2019-01-20 15:18:26', NULL),
(111, 4, NULL, NULL, NULL, NULL, '2019-01-20 15:18:26', NULL),
(111, 5, NULL, NULL, NULL, NULL, '2019-01-20 15:18:26', NULL),
(111, 6, NULL, NULL, NULL, NULL, '2019-01-20 15:18:26', NULL),
(111, 7, NULL, NULL, NULL, NULL, '2019-01-20 15:18:26', NULL),
(111, 8, NULL, NULL, NULL, NULL, '2019-01-20 15:18:26', NULL),
(111, 9, NULL, NULL, NULL, NULL, '2019-01-20 15:18:26', NULL),
(111, 10, NULL, NULL, NULL, NULL, '2019-01-20 15:18:26', NULL),
(111, 11, NULL, NULL, NULL, NULL, '2019-01-20 15:18:26', NULL),
(111, 12, NULL, NULL, NULL, NULL, '2019-01-20 15:18:26', NULL),
(111, 13, NULL, NULL, NULL, NULL, '2019-01-20 15:18:26', NULL),
(111, 14, NULL, NULL, NULL, NULL, '2019-01-20 15:18:26', NULL),
(111, 15, NULL, NULL, NULL, NULL, '2019-01-20 15:18:26', NULL),
(112, 1, NULL, NULL, NULL, NULL, '2019-01-20 15:18:26', NULL),
(112, 2, NULL, NULL, NULL, NULL, '2019-01-20 15:18:26', NULL),
(112, 3, NULL, NULL, NULL, NULL, '2019-01-20 15:18:26', NULL),
(112, 4, NULL, NULL, NULL, NULL, '2019-01-20 15:18:26', NULL),
(112, 5, NULL, NULL, NULL, NULL, '2019-01-20 15:18:26', NULL),
(112, 6, NULL, NULL, NULL, NULL, '2019-01-20 15:18:26', NULL),
(112, 7, NULL, NULL, NULL, NULL, '2019-01-20 15:18:26', NULL),
(112, 8, NULL, NULL, NULL, NULL, '2019-01-20 15:18:26', NULL),
(112, 9, NULL, NULL, NULL, NULL, '2019-01-20 15:18:26', NULL),
(112, 10, NULL, NULL, NULL, NULL, '2019-01-20 15:18:26', NULL),
(112, 11, NULL, NULL, NULL, NULL, '2019-01-20 15:18:26', NULL),
(112, 12, NULL, NULL, NULL, NULL, '2019-01-20 15:18:26', NULL),
(112, 13, NULL, NULL, NULL, NULL, '2019-01-20 15:18:26', NULL),
(112, 14, NULL, NULL, NULL, NULL, '2019-01-20 15:18:26', NULL),
(112, 15, NULL, NULL, NULL, NULL, '2019-01-20 15:18:26', NULL),
(113, 1, NULL, NULL, NULL, NULL, '2019-01-20 15:18:26', NULL),
(113, 2, NULL, NULL, NULL, NULL, '2019-01-20 15:18:26', NULL),
(113, 3, NULL, NULL, NULL, NULL, '2019-01-20 15:18:26', NULL),
(113, 4, NULL, NULL, NULL, NULL, '2019-01-20 15:18:26', NULL),
(113, 5, NULL, NULL, NULL, NULL, '2019-01-20 15:18:26', NULL),
(113, 6, NULL, NULL, NULL, NULL, '2019-01-20 15:18:26', NULL),
(113, 7, NULL, NULL, NULL, NULL, '2019-01-20 15:18:26', NULL),
(113, 8, NULL, NULL, NULL, NULL, '2019-01-20 15:18:26', NULL),
(113, 9, NULL, NULL, NULL, NULL, '2019-01-20 15:18:26', NULL),
(113, 10, NULL, NULL, NULL, NULL, '2019-01-20 15:18:26', NULL),
(113, 11, NULL, NULL, NULL, NULL, '2019-01-20 15:18:26', NULL),
(113, 12, NULL, NULL, NULL, NULL, '2019-01-20 15:18:26', NULL),
(113, 13, NULL, NULL, NULL, NULL, '2019-01-20 15:18:26', NULL),
(113, 14, NULL, NULL, NULL, NULL, '2019-01-20 15:18:26', NULL),
(113, 15, NULL, NULL, NULL, NULL, '2019-01-20 15:18:26', NULL),
(114, 1, NULL, NULL, NULL, NULL, '2019-01-20 15:18:26', NULL),
(114, 2, NULL, NULL, NULL, NULL, '2019-01-20 15:18:26', NULL),
(114, 3, NULL, NULL, NULL, NULL, '2019-01-20 15:18:26', NULL),
(114, 4, NULL, NULL, NULL, NULL, '2019-01-20 15:18:26', NULL),
(114, 5, NULL, NULL, NULL, NULL, '2019-01-20 15:18:26', NULL),
(114, 6, NULL, NULL, NULL, NULL, '2019-01-20 15:18:26', NULL),
(114, 7, NULL, NULL, NULL, NULL, '2019-01-20 15:18:26', NULL),
(114, 8, NULL, NULL, NULL, NULL, '2019-01-20 15:18:26', NULL),
(114, 9, NULL, NULL, NULL, NULL, '2019-01-20 15:18:26', NULL),
(114, 10, NULL, NULL, NULL, NULL, '2019-01-20 15:18:26', NULL),
(114, 11, NULL, NULL, NULL, NULL, '2019-01-20 15:18:26', NULL),
(114, 12, NULL, NULL, NULL, NULL, '2019-01-20 15:18:26', NULL),
(114, 13, NULL, NULL, NULL, NULL, '2019-01-20 15:18:26', NULL),
(114, 14, NULL, NULL, NULL, NULL, '2019-01-20 15:18:26', NULL),
(114, 15, NULL, NULL, NULL, NULL, '2019-01-20 15:18:26', NULL),
(115, 1, NULL, NULL, NULL, NULL, '2019-01-20 15:18:26', NULL),
(115, 2, NULL, NULL, NULL, NULL, '2019-01-20 15:18:26', NULL),
(115, 3, NULL, NULL, NULL, NULL, '2019-01-20 15:18:26', NULL),
(115, 4, NULL, NULL, NULL, NULL, '2019-01-20 15:18:26', NULL),
(115, 5, NULL, NULL, NULL, NULL, '2019-01-20 15:18:26', NULL),
(115, 6, NULL, NULL, NULL, NULL, '2019-01-20 15:18:26', NULL),
(115, 7, NULL, NULL, NULL, NULL, '2019-01-20 15:18:26', NULL),
(115, 8, NULL, NULL, NULL, NULL, '2019-01-20 15:18:26', NULL),
(115, 9, NULL, NULL, NULL, NULL, '2019-01-20 15:18:26', NULL),
(115, 10, NULL, NULL, NULL, NULL, '2019-01-20 15:18:26', NULL),
(115, 11, NULL, NULL, NULL, NULL, '2019-01-20 15:18:26', NULL),
(115, 12, NULL, NULL, NULL, NULL, '2019-01-20 15:18:26', NULL),
(115, 13, NULL, NULL, NULL, NULL, '2019-01-20 15:18:26', NULL),
(115, 14, NULL, NULL, NULL, NULL, '2019-01-20 15:18:26', NULL),
(115, 15, NULL, NULL, NULL, NULL, '2019-01-20 15:18:26', NULL),
(116, 1, NULL, NULL, NULL, NULL, '2019-01-20 15:18:26', NULL),
(116, 2, NULL, NULL, NULL, NULL, '2019-01-20 15:18:26', NULL),
(116, 3, NULL, NULL, NULL, NULL, '2019-01-20 15:18:26', NULL),
(116, 4, NULL, NULL, NULL, NULL, '2019-01-20 15:18:26', NULL),
(116, 5, NULL, NULL, NULL, NULL, '2019-01-20 15:18:26', NULL),
(116, 6, NULL, NULL, NULL, NULL, '2019-01-20 15:18:26', NULL),
(116, 7, NULL, NULL, NULL, NULL, '2019-01-20 15:18:26', NULL),
(116, 8, NULL, NULL, NULL, NULL, '2019-01-20 15:18:26', NULL),
(116, 9, NULL, NULL, NULL, NULL, '2019-01-20 15:18:26', NULL),
(116, 10, NULL, NULL, NULL, NULL, '2019-01-20 15:18:26', NULL),
(116, 11, NULL, NULL, NULL, NULL, '2019-01-20 15:18:26', NULL),
(116, 12, NULL, NULL, NULL, NULL, '2019-01-20 15:18:26', NULL),
(116, 13, NULL, NULL, NULL, NULL, '2019-01-20 15:18:26', NULL),
(116, 14, NULL, NULL, NULL, NULL, '2019-01-20 15:18:26', NULL),
(116, 15, NULL, NULL, NULL, NULL, '2019-01-20 15:18:26', NULL),
(117, 1, NULL, NULL, NULL, NULL, '2019-01-20 15:18:26', NULL),
(117, 2, NULL, NULL, NULL, NULL, '2019-01-20 15:18:26', NULL),
(117, 3, NULL, NULL, NULL, NULL, '2019-01-20 15:18:26', NULL),
(117, 4, NULL, NULL, NULL, NULL, '2019-01-20 15:18:26', NULL),
(117, 5, NULL, NULL, NULL, NULL, '2019-01-20 15:18:26', NULL),
(117, 6, NULL, NULL, NULL, NULL, '2019-01-20 15:18:26', NULL),
(117, 7, NULL, NULL, NULL, NULL, '2019-01-20 15:18:26', NULL),
(117, 8, NULL, NULL, NULL, NULL, '2019-01-20 15:18:26', NULL),
(117, 9, NULL, NULL, NULL, NULL, '2019-01-20 15:18:26', NULL),
(117, 10, NULL, NULL, NULL, NULL, '2019-01-20 15:18:26', NULL),
(117, 11, NULL, NULL, NULL, NULL, '2019-01-20 15:18:26', NULL),
(117, 12, NULL, NULL, NULL, NULL, '2019-01-20 15:18:26', NULL),
(117, 13, NULL, NULL, NULL, NULL, '2019-01-20 15:18:26', NULL),
(117, 14, NULL, NULL, NULL, NULL, '2019-01-20 15:18:26', NULL),
(117, 15, NULL, NULL, NULL, NULL, '2019-01-20 15:18:26', NULL),
(118, 1, NULL, NULL, NULL, NULL, '2019-01-20 15:18:26', NULL),
(118, 2, NULL, NULL, NULL, NULL, '2019-01-20 15:18:26', NULL),
(118, 3, NULL, NULL, NULL, NULL, '2019-01-20 15:18:26', NULL),
(118, 4, NULL, NULL, NULL, NULL, '2019-01-20 15:18:26', NULL),
(118, 5, NULL, NULL, NULL, NULL, '2019-01-20 15:18:26', NULL),
(118, 6, NULL, NULL, NULL, NULL, '2019-01-20 15:18:26', NULL),
(118, 7, NULL, NULL, NULL, NULL, '2019-01-20 15:18:26', NULL),
(118, 8, NULL, NULL, NULL, NULL, '2019-01-20 15:18:26', NULL),
(118, 9, NULL, NULL, NULL, NULL, '2019-01-20 15:18:26', NULL),
(118, 10, NULL, NULL, NULL, NULL, '2019-01-20 15:18:26', NULL),
(118, 11, NULL, NULL, NULL, NULL, '2019-01-20 15:18:26', NULL),
(118, 12, NULL, NULL, NULL, NULL, '2019-01-20 15:18:26', NULL),
(118, 13, NULL, NULL, NULL, NULL, '2019-01-20 15:18:26', NULL),
(118, 14, NULL, NULL, NULL, NULL, '2019-01-20 15:18:26', NULL),
(118, 15, NULL, NULL, NULL, NULL, '2019-01-20 15:18:26', NULL),
(119, 1, NULL, NULL, NULL, NULL, '2019-01-20 15:18:26', NULL),
(119, 2, NULL, NULL, NULL, NULL, '2019-01-20 15:18:26', NULL),
(119, 3, NULL, NULL, NULL, NULL, '2019-01-20 15:18:26', NULL),
(119, 4, NULL, NULL, NULL, NULL, '2019-01-20 15:18:26', NULL),
(119, 5, NULL, NULL, NULL, NULL, '2019-01-20 15:18:26', NULL),
(119, 6, NULL, NULL, NULL, NULL, '2019-01-20 15:18:26', NULL),
(119, 7, NULL, NULL, NULL, NULL, '2019-01-20 15:18:26', NULL),
(119, 8, NULL, NULL, NULL, NULL, '2019-01-20 15:18:26', NULL),
(119, 9, NULL, NULL, NULL, NULL, '2019-01-20 15:18:26', NULL),
(119, 10, NULL, NULL, NULL, NULL, '2019-01-20 15:18:26', NULL),
(119, 11, NULL, NULL, NULL, NULL, '2019-01-20 15:18:26', NULL),
(119, 12, NULL, NULL, NULL, NULL, '2019-01-20 15:18:26', NULL),
(119, 13, NULL, NULL, NULL, NULL, '2019-01-20 15:18:26', NULL),
(119, 14, NULL, NULL, NULL, NULL, '2019-01-20 15:18:26', NULL),
(119, 15, NULL, NULL, NULL, NULL, '2019-01-20 15:18:26', NULL),
(120, 1, NULL, NULL, NULL, NULL, '2019-01-20 15:18:26', NULL),
(120, 2, NULL, NULL, NULL, NULL, '2019-01-20 15:18:26', NULL),
(120, 3, NULL, NULL, NULL, NULL, '2019-01-20 15:18:26', NULL),
(120, 4, NULL, NULL, NULL, NULL, '2019-01-20 15:18:26', NULL),
(120, 5, NULL, NULL, NULL, NULL, '2019-01-20 15:18:26', NULL),
(120, 6, NULL, NULL, NULL, NULL, '2019-01-20 15:18:26', NULL),
(120, 7, NULL, NULL, NULL, NULL, '2019-01-20 15:18:26', NULL),
(120, 8, NULL, NULL, NULL, NULL, '2019-01-20 15:18:26', NULL),
(120, 9, NULL, NULL, NULL, NULL, '2019-01-20 15:18:26', NULL),
(120, 10, NULL, NULL, NULL, NULL, '2019-01-20 15:18:26', NULL),
(120, 11, NULL, NULL, NULL, NULL, '2019-01-20 15:18:26', NULL),
(120, 12, NULL, NULL, NULL, NULL, '2019-01-20 15:18:26', NULL),
(120, 13, NULL, NULL, NULL, NULL, '2019-01-20 15:18:26', NULL),
(120, 14, NULL, NULL, NULL, NULL, '2019-01-20 15:18:26', NULL),
(120, 15, NULL, NULL, NULL, NULL, '2019-01-20 15:18:26', NULL),
(121, 1, NULL, NULL, NULL, NULL, '2019-01-20 15:18:26', NULL),
(121, 2, NULL, NULL, NULL, NULL, '2019-01-20 15:18:26', NULL),
(121, 3, NULL, NULL, NULL, NULL, '2019-01-20 15:18:26', NULL),
(121, 4, NULL, NULL, NULL, NULL, '2019-01-20 15:18:26', NULL),
(121, 5, NULL, NULL, NULL, NULL, '2019-01-20 15:18:26', NULL),
(121, 6, NULL, NULL, NULL, NULL, '2019-01-20 15:18:26', NULL),
(121, 7, NULL, NULL, NULL, NULL, '2019-01-20 15:18:26', NULL),
(121, 8, NULL, NULL, NULL, NULL, '2019-01-20 15:18:26', NULL),
(121, 9, NULL, NULL, NULL, NULL, '2019-01-20 15:18:26', NULL),
(121, 10, NULL, NULL, NULL, NULL, '2019-01-20 15:18:26', NULL),
(121, 11, NULL, NULL, NULL, NULL, '2019-01-20 15:18:26', NULL),
(121, 12, NULL, NULL, NULL, NULL, '2019-01-20 15:18:26', NULL),
(121, 13, NULL, NULL, NULL, NULL, '2019-01-20 15:18:26', NULL),
(121, 14, NULL, NULL, NULL, NULL, '2019-01-20 15:18:26', NULL),
(121, 15, NULL, NULL, NULL, NULL, '2019-01-20 15:18:26', NULL),
(122, 1, NULL, NULL, NULL, NULL, '2019-01-20 15:18:26', NULL),
(122, 2, NULL, NULL, NULL, NULL, '2019-01-20 15:18:26', NULL),
(122, 3, NULL, NULL, NULL, NULL, '2019-01-20 15:18:26', NULL),
(122, 4, NULL, NULL, NULL, NULL, '2019-01-20 15:18:26', NULL),
(122, 5, NULL, NULL, NULL, NULL, '2019-01-20 15:18:26', NULL),
(122, 6, NULL, NULL, NULL, NULL, '2019-01-20 15:18:26', NULL),
(122, 7, NULL, NULL, NULL, NULL, '2019-01-20 15:18:26', NULL),
(122, 8, NULL, NULL, NULL, NULL, '2019-01-20 15:18:26', NULL),
(122, 9, NULL, NULL, NULL, NULL, '2019-01-20 15:18:26', NULL),
(122, 10, NULL, NULL, NULL, NULL, '2019-01-20 15:18:26', NULL),
(122, 11, NULL, NULL, NULL, NULL, '2019-01-20 15:18:26', NULL),
(122, 12, NULL, NULL, NULL, NULL, '2019-01-20 15:18:26', NULL),
(122, 13, NULL, NULL, NULL, NULL, '2019-01-20 15:18:26', NULL),
(122, 14, NULL, NULL, NULL, NULL, '2019-01-20 15:18:26', NULL),
(122, 15, NULL, NULL, NULL, NULL, '2019-01-20 15:18:26', NULL),
(123, 1, NULL, NULL, NULL, NULL, '2019-01-20 15:18:26', NULL),
(123, 2, NULL, NULL, NULL, NULL, '2019-01-20 15:18:26', NULL),
(123, 3, NULL, NULL, NULL, NULL, '2019-01-20 15:18:26', NULL),
(123, 4, NULL, NULL, NULL, NULL, '2019-01-20 15:18:26', NULL),
(123, 5, NULL, NULL, NULL, NULL, '2019-01-20 15:18:26', NULL),
(123, 6, NULL, NULL, NULL, NULL, '2019-01-20 15:18:26', NULL),
(123, 7, NULL, NULL, NULL, NULL, '2019-01-20 15:18:26', NULL),
(123, 8, NULL, NULL, NULL, NULL, '2019-01-20 15:18:26', NULL),
(123, 9, NULL, NULL, NULL, NULL, '2019-01-20 15:18:26', NULL),
(123, 10, NULL, NULL, NULL, NULL, '2019-01-20 15:18:26', NULL),
(123, 11, NULL, NULL, NULL, NULL, '2019-01-20 15:18:26', NULL),
(123, 12, NULL, NULL, NULL, NULL, '2019-01-20 15:18:26', NULL),
(123, 13, NULL, NULL, NULL, NULL, '2019-01-20 15:18:26', NULL),
(123, 14, NULL, NULL, NULL, NULL, '2019-01-20 15:18:26', NULL),
(123, 15, NULL, NULL, NULL, NULL, '2019-01-20 15:18:26', NULL),
(124, 1, NULL, NULL, NULL, NULL, '2019-01-20 15:18:26', NULL),
(124, 2, NULL, NULL, NULL, NULL, '2019-01-20 15:18:26', NULL),
(124, 3, NULL, NULL, NULL, NULL, '2019-01-20 15:18:26', NULL),
(124, 4, NULL, NULL, NULL, NULL, '2019-01-20 15:18:26', NULL),
(124, 5, NULL, NULL, NULL, NULL, '2019-01-20 15:18:26', NULL),
(124, 6, NULL, NULL, NULL, NULL, '2019-01-20 15:18:26', NULL),
(124, 7, NULL, NULL, NULL, NULL, '2019-01-20 15:18:26', NULL),
(124, 8, NULL, NULL, NULL, NULL, '2019-01-20 15:18:26', NULL),
(124, 9, NULL, NULL, NULL, NULL, '2019-01-20 15:18:26', NULL),
(124, 10, NULL, NULL, NULL, NULL, '2019-01-20 15:18:26', NULL),
(124, 11, NULL, NULL, NULL, NULL, '2019-01-20 15:18:26', NULL),
(124, 12, NULL, NULL, NULL, NULL, '2019-01-20 15:18:26', NULL),
(124, 13, NULL, NULL, NULL, NULL, '2019-01-20 15:18:26', NULL),
(124, 14, NULL, NULL, NULL, NULL, '2019-01-20 15:18:26', NULL),
(124, 15, NULL, NULL, NULL, NULL, '2019-01-20 15:18:26', NULL),
(125, 1, NULL, NULL, NULL, NULL, '2019-01-20 15:18:26', NULL),
(125, 2, NULL, NULL, NULL, NULL, '2019-01-20 15:18:26', NULL),
(125, 3, NULL, NULL, NULL, NULL, '2019-01-20 15:18:26', NULL),
(125, 4, NULL, NULL, NULL, NULL, '2019-01-20 15:18:26', NULL),
(125, 5, NULL, NULL, NULL, NULL, '2019-01-20 15:18:26', NULL),
(125, 6, NULL, NULL, NULL, NULL, '2019-01-20 15:18:26', NULL),
(125, 7, NULL, NULL, NULL, NULL, '2019-01-20 15:18:26', NULL),
(125, 8, NULL, NULL, NULL, NULL, '2019-01-20 15:18:26', NULL),
(125, 9, NULL, NULL, NULL, NULL, '2019-01-20 15:18:26', NULL),
(125, 10, NULL, NULL, NULL, NULL, '2019-01-20 15:18:26', NULL),
(125, 11, NULL, NULL, NULL, NULL, '2019-01-20 15:18:26', NULL),
(125, 12, NULL, NULL, NULL, NULL, '2019-01-20 15:18:26', NULL),
(125, 13, NULL, NULL, NULL, NULL, '2019-01-20 15:18:26', NULL),
(125, 14, NULL, NULL, NULL, NULL, '2019-01-20 15:18:26', NULL),
(125, 15, NULL, NULL, NULL, NULL, '2019-01-20 15:18:26', NULL),
(126, 1, NULL, NULL, NULL, NULL, '2019-01-20 15:18:26', NULL),
(126, 2, NULL, NULL, NULL, NULL, '2019-01-20 15:18:26', NULL),
(126, 3, NULL, NULL, NULL, NULL, '2019-01-20 15:18:26', NULL),
(126, 4, NULL, NULL, NULL, NULL, '2019-01-20 15:18:26', NULL),
(126, 5, NULL, NULL, NULL, NULL, '2019-01-20 15:18:26', NULL),
(126, 6, NULL, NULL, NULL, NULL, '2019-01-20 15:18:26', NULL),
(126, 7, NULL, NULL, NULL, NULL, '2019-01-20 15:18:26', NULL),
(126, 8, NULL, NULL, NULL, NULL, '2019-01-20 15:18:26', NULL),
(126, 9, NULL, NULL, NULL, NULL, '2019-01-20 15:18:26', NULL),
(126, 10, NULL, NULL, NULL, NULL, '2019-01-20 15:18:26', NULL),
(126, 11, NULL, NULL, NULL, NULL, '2019-01-20 15:18:26', NULL),
(126, 12, NULL, NULL, NULL, NULL, '2019-01-20 15:18:26', NULL),
(126, 13, NULL, NULL, NULL, NULL, '2019-01-20 15:18:26', NULL),
(126, 14, NULL, NULL, NULL, NULL, '2019-01-20 15:18:26', NULL),
(126, 15, NULL, NULL, NULL, NULL, '2019-01-20 15:18:26', NULL),
(127, 1, NULL, NULL, NULL, NULL, '2019-01-20 15:18:26', NULL),
(127, 2, NULL, NULL, NULL, NULL, '2019-01-20 15:18:26', NULL),
(127, 3, NULL, NULL, NULL, NULL, '2019-01-20 15:18:26', NULL),
(127, 4, NULL, NULL, NULL, NULL, '2019-01-20 15:18:26', NULL),
(127, 5, NULL, NULL, NULL, NULL, '2019-01-20 15:18:26', NULL),
(127, 6, NULL, NULL, NULL, NULL, '2019-01-20 15:18:26', NULL),
(127, 7, NULL, NULL, NULL, NULL, '2019-01-20 15:18:26', NULL),
(127, 8, NULL, NULL, NULL, NULL, '2019-01-20 15:18:26', NULL),
(127, 9, NULL, NULL, NULL, NULL, '2019-01-20 15:18:26', NULL),
(127, 10, NULL, NULL, NULL, NULL, '2019-01-20 15:18:26', NULL),
(127, 11, NULL, NULL, NULL, NULL, '2019-01-20 15:18:26', NULL),
(127, 12, NULL, NULL, NULL, NULL, '2019-01-20 15:18:26', NULL),
(127, 13, NULL, NULL, NULL, NULL, '2019-01-20 15:18:26', NULL),
(127, 14, NULL, NULL, NULL, NULL, '2019-01-20 15:18:26', NULL),
(127, 15, NULL, NULL, NULL, NULL, '2019-01-20 15:18:26', NULL),
(128, 1, NULL, NULL, NULL, NULL, '2019-01-20 15:18:26', NULL),
(128, 2, NULL, NULL, NULL, NULL, '2019-01-20 15:18:26', NULL),
(128, 3, NULL, NULL, NULL, NULL, '2019-01-20 15:18:26', NULL),
(128, 4, NULL, NULL, NULL, NULL, '2019-01-20 15:18:26', NULL),
(128, 5, NULL, NULL, NULL, NULL, '2019-01-20 15:18:26', NULL),
(128, 6, NULL, NULL, NULL, NULL, '2019-01-20 15:18:26', NULL),
(128, 7, NULL, NULL, NULL, NULL, '2019-01-20 15:18:26', NULL),
(128, 8, NULL, NULL, NULL, NULL, '2019-01-20 15:18:26', NULL),
(128, 9, NULL, NULL, NULL, NULL, '2019-01-20 15:18:26', NULL),
(128, 10, NULL, NULL, NULL, NULL, '2019-01-20 15:18:26', NULL),
(128, 11, NULL, NULL, NULL, NULL, '2019-01-20 15:18:26', NULL),
(128, 12, NULL, NULL, NULL, NULL, '2019-01-20 15:18:26', NULL),
(128, 13, NULL, NULL, NULL, NULL, '2019-01-20 15:18:26', NULL),
(128, 14, NULL, NULL, NULL, NULL, '2019-01-20 15:18:26', NULL),
(128, 15, NULL, NULL, NULL, NULL, '2019-01-20 15:18:26', NULL),
(129, 1, NULL, NULL, NULL, NULL, '2019-01-20 15:18:26', NULL),
(129, 2, NULL, NULL, NULL, NULL, '2019-01-20 15:18:26', NULL),
(129, 3, NULL, NULL, NULL, NULL, '2019-01-20 15:18:26', NULL),
(129, 4, NULL, NULL, NULL, NULL, '2019-01-20 15:18:26', NULL),
(129, 5, NULL, NULL, NULL, NULL, '2019-01-20 15:18:26', NULL),
(129, 6, NULL, NULL, NULL, NULL, '2019-01-20 15:18:26', NULL),
(129, 7, NULL, NULL, NULL, NULL, '2019-01-20 15:18:26', NULL),
(129, 8, NULL, NULL, NULL, NULL, '2019-01-20 15:18:26', NULL),
(129, 9, NULL, NULL, NULL, NULL, '2019-01-20 15:18:26', NULL),
(129, 10, NULL, NULL, NULL, NULL, '2019-01-20 15:18:26', NULL),
(129, 11, NULL, NULL, NULL, NULL, '2019-01-20 15:18:26', NULL),
(129, 12, NULL, NULL, NULL, NULL, '2019-01-20 15:18:26', NULL),
(129, 13, NULL, NULL, NULL, NULL, '2019-01-20 15:18:26', NULL),
(129, 14, NULL, NULL, NULL, NULL, '2019-01-20 15:18:26', NULL),
(129, 15, NULL, NULL, NULL, NULL, '2019-01-20 15:18:26', NULL),
(130, 1, NULL, NULL, NULL, NULL, '2019-01-20 15:18:26', NULL),
(130, 2, NULL, NULL, NULL, NULL, '2019-01-20 15:18:26', NULL),
(130, 3, NULL, NULL, NULL, NULL, '2019-01-20 15:18:26', NULL),
(130, 4, NULL, NULL, NULL, NULL, '2019-01-20 15:18:26', NULL),
(130, 5, NULL, NULL, NULL, NULL, '2019-01-20 15:18:26', NULL),
(130, 6, NULL, NULL, NULL, NULL, '2019-01-20 15:18:26', NULL),
(130, 7, NULL, NULL, NULL, NULL, '2019-01-20 15:18:26', NULL),
(130, 8, NULL, NULL, NULL, NULL, '2019-01-20 15:18:26', NULL),
(130, 9, NULL, NULL, NULL, NULL, '2019-01-20 15:18:26', NULL),
(130, 10, NULL, NULL, NULL, NULL, '2019-01-20 15:18:26', NULL),
(130, 11, NULL, NULL, NULL, NULL, '2019-01-20 15:18:26', NULL),
(130, 12, NULL, NULL, NULL, NULL, '2019-01-20 15:18:26', NULL),
(130, 13, NULL, NULL, NULL, NULL, '2019-01-20 15:18:26', NULL),
(130, 14, NULL, NULL, NULL, NULL, '2019-01-20 15:18:26', NULL),
(130, 15, NULL, NULL, NULL, NULL, '2019-01-20 15:18:26', NULL),
(131, 1, NULL, NULL, NULL, NULL, '2019-01-20 15:18:26', NULL),
(131, 2, NULL, NULL, NULL, NULL, '2019-01-20 15:18:26', NULL),
(131, 3, NULL, NULL, NULL, NULL, '2019-01-20 15:18:26', NULL),
(131, 4, NULL, NULL, NULL, NULL, '2019-01-20 15:18:26', NULL),
(131, 5, NULL, NULL, NULL, NULL, '2019-01-20 15:18:26', NULL),
(131, 6, NULL, NULL, NULL, NULL, '2019-01-20 15:18:26', NULL),
(131, 7, NULL, NULL, NULL, NULL, '2019-01-20 15:18:26', NULL),
(131, 8, NULL, NULL, NULL, NULL, '2019-01-20 15:18:26', NULL),
(131, 9, NULL, NULL, NULL, NULL, '2019-01-20 15:18:26', NULL),
(131, 10, NULL, NULL, NULL, NULL, '2019-01-20 15:18:26', NULL),
(131, 11, NULL, NULL, NULL, NULL, '2019-01-20 15:18:26', NULL),
(131, 12, NULL, NULL, NULL, NULL, '2019-01-20 15:18:26', NULL),
(131, 13, NULL, NULL, NULL, NULL, '2019-01-20 15:18:26', NULL),
(131, 14, NULL, NULL, NULL, NULL, '2019-01-20 15:18:26', NULL),
(131, 15, NULL, NULL, NULL, NULL, '2019-01-20 15:18:26', NULL),
(132, 1, NULL, NULL, NULL, NULL, '2019-01-20 15:18:26', NULL),
(132, 2, NULL, NULL, NULL, NULL, '2019-01-20 15:18:26', NULL),
(132, 3, NULL, NULL, NULL, NULL, '2019-01-20 15:18:26', NULL),
(132, 4, NULL, NULL, NULL, NULL, '2019-01-20 15:18:26', NULL),
(132, 5, NULL, NULL, NULL, NULL, '2019-01-20 15:18:26', NULL),
(132, 6, NULL, NULL, NULL, NULL, '2019-01-20 15:18:26', NULL),
(132, 7, NULL, NULL, NULL, NULL, '2019-01-20 15:18:26', NULL),
(132, 8, NULL, NULL, NULL, NULL, '2019-01-20 15:18:26', NULL),
(132, 9, NULL, NULL, NULL, NULL, '2019-01-20 15:18:26', NULL),
(132, 10, NULL, NULL, NULL, NULL, '2019-01-20 15:18:26', NULL),
(132, 11, NULL, NULL, NULL, NULL, '2019-01-20 15:18:26', NULL),
(132, 12, NULL, NULL, NULL, NULL, '2019-01-20 15:18:26', NULL),
(132, 13, NULL, NULL, NULL, NULL, '2019-01-20 15:18:26', NULL),
(132, 14, NULL, NULL, NULL, NULL, '2019-01-20 15:18:26', NULL),
(132, 15, NULL, NULL, NULL, NULL, '2019-01-20 15:18:26', NULL),
(133, 1, NULL, NULL, NULL, NULL, '2019-01-20 15:18:26', NULL),
(133, 2, NULL, NULL, NULL, NULL, '2019-01-20 15:18:26', NULL),
(133, 3, NULL, NULL, NULL, NULL, '2019-01-20 15:18:26', NULL),
(133, 4, NULL, NULL, NULL, NULL, '2019-01-20 15:18:26', NULL),
(133, 5, NULL, NULL, NULL, NULL, '2019-01-20 15:18:26', NULL),
(133, 6, NULL, NULL, NULL, NULL, '2019-01-20 15:18:26', NULL),
(133, 7, NULL, NULL, NULL, NULL, '2019-01-20 15:18:26', NULL),
(133, 8, NULL, NULL, NULL, NULL, '2019-01-20 15:18:26', NULL),
(133, 9, NULL, NULL, NULL, NULL, '2019-01-20 15:18:26', NULL),
(133, 10, NULL, NULL, NULL, NULL, '2019-01-20 15:18:26', NULL),
(133, 11, NULL, NULL, NULL, NULL, '2019-01-20 15:18:26', NULL),
(133, 12, NULL, NULL, NULL, NULL, '2019-01-20 15:18:26', NULL),
(133, 13, NULL, NULL, NULL, NULL, '2019-01-20 15:18:26', NULL),
(133, 14, NULL, NULL, NULL, NULL, '2019-01-20 15:18:26', NULL),
(133, 15, NULL, NULL, NULL, NULL, '2019-01-20 15:18:26', NULL),
(134, 1, NULL, NULL, NULL, NULL, '2019-01-20 15:18:26', NULL),
(134, 2, NULL, NULL, NULL, NULL, '2019-01-20 15:18:26', NULL),
(134, 3, NULL, NULL, NULL, NULL, '2019-01-20 15:18:26', NULL),
(134, 4, NULL, NULL, NULL, NULL, '2019-01-20 15:18:26', NULL),
(134, 5, NULL, NULL, NULL, NULL, '2019-01-20 15:18:26', NULL),
(134, 6, NULL, NULL, NULL, NULL, '2019-01-20 15:18:26', NULL),
(134, 7, NULL, NULL, NULL, NULL, '2019-01-20 15:18:26', NULL),
(134, 8, NULL, NULL, NULL, NULL, '2019-01-20 15:18:26', NULL),
(134, 9, NULL, NULL, NULL, NULL, '2019-01-20 15:18:26', NULL),
(134, 10, NULL, NULL, NULL, NULL, '2019-01-20 15:18:26', NULL),
(134, 11, NULL, NULL, NULL, NULL, '2019-01-20 15:18:26', NULL),
(134, 12, NULL, NULL, NULL, NULL, '2019-01-20 15:18:26', NULL),
(134, 13, NULL, NULL, NULL, NULL, '2019-01-20 15:18:26', NULL),
(134, 14, NULL, NULL, NULL, NULL, '2019-01-20 15:18:26', NULL),
(134, 15, NULL, NULL, NULL, NULL, '2019-01-20 15:18:26', NULL),
(135, 1, NULL, NULL, NULL, NULL, '2019-01-20 15:18:26', NULL),
(135, 2, NULL, NULL, NULL, NULL, '2019-01-20 15:18:26', NULL),
(135, 3, NULL, NULL, NULL, NULL, '2019-01-20 15:18:26', NULL),
(135, 4, NULL, NULL, NULL, NULL, '2019-01-20 15:18:26', NULL),
(135, 5, NULL, NULL, NULL, NULL, '2019-01-20 15:18:26', NULL),
(135, 6, NULL, NULL, NULL, NULL, '2019-01-20 15:18:26', NULL),
(135, 7, NULL, NULL, NULL, NULL, '2019-01-20 15:18:26', NULL),
(135, 8, NULL, NULL, NULL, NULL, '2019-01-20 15:18:26', NULL),
(135, 9, NULL, NULL, NULL, NULL, '2019-01-20 15:18:26', NULL),
(135, 10, NULL, NULL, NULL, NULL, '2019-01-20 15:18:26', NULL),
(135, 11, NULL, NULL, NULL, NULL, '2019-01-20 15:18:26', NULL),
(135, 12, NULL, NULL, NULL, NULL, '2019-01-20 15:18:26', NULL);
INSERT INTO `project_has_master_task` (`project_idproject`, `master_task_idtask`, `est_datestart`, `est_dateend`, `act_datestart`, `act_dateend`, `create_date_task`, `mod_date_task`) VALUES
(135, 13, NULL, NULL, NULL, NULL, '2019-01-20 15:18:26', NULL),
(135, 14, NULL, NULL, NULL, NULL, '2019-01-20 15:18:26', NULL),
(135, 15, NULL, NULL, NULL, NULL, '2019-01-20 15:18:26', NULL),
(136, 1, NULL, NULL, NULL, NULL, '2019-01-20 15:18:26', NULL),
(136, 2, NULL, NULL, NULL, NULL, '2019-01-20 15:18:26', NULL),
(136, 3, NULL, NULL, NULL, NULL, '2019-01-20 15:18:26', NULL),
(136, 4, NULL, NULL, NULL, NULL, '2019-01-20 15:18:26', NULL),
(136, 5, NULL, NULL, NULL, NULL, '2019-01-20 15:18:26', NULL),
(136, 6, NULL, NULL, NULL, NULL, '2019-01-20 15:18:26', NULL),
(136, 7, NULL, NULL, NULL, NULL, '2019-01-20 15:18:26', NULL),
(136, 8, NULL, NULL, NULL, NULL, '2019-01-20 15:18:26', NULL),
(136, 9, NULL, NULL, NULL, NULL, '2019-01-20 15:18:26', NULL),
(136, 10, NULL, NULL, NULL, NULL, '2019-01-20 15:18:26', NULL),
(136, 11, NULL, NULL, NULL, NULL, '2019-01-20 15:18:26', NULL),
(136, 12, NULL, NULL, NULL, NULL, '2019-01-20 15:18:26', NULL),
(136, 13, NULL, NULL, NULL, NULL, '2019-01-20 15:18:26', NULL),
(136, 14, NULL, NULL, NULL, NULL, '2019-01-20 15:18:26', NULL),
(136, 15, NULL, NULL, NULL, NULL, '2019-01-20 15:18:26', NULL),
(137, 1, NULL, NULL, NULL, NULL, '2019-01-20 15:18:26', NULL),
(137, 2, NULL, NULL, NULL, NULL, '2019-01-20 15:18:26', NULL),
(137, 3, NULL, NULL, NULL, NULL, '2019-01-20 15:18:26', NULL),
(137, 4, NULL, NULL, NULL, NULL, '2019-01-20 15:18:26', NULL),
(137, 5, NULL, NULL, NULL, NULL, '2019-01-20 15:18:26', NULL),
(137, 6, NULL, NULL, NULL, NULL, '2019-01-20 15:18:26', NULL),
(137, 7, NULL, NULL, NULL, NULL, '2019-01-20 15:18:26', NULL),
(137, 8, NULL, NULL, NULL, NULL, '2019-01-20 15:18:26', NULL),
(137, 9, NULL, NULL, NULL, NULL, '2019-01-20 15:18:26', NULL),
(137, 10, NULL, NULL, NULL, NULL, '2019-01-20 15:18:26', NULL),
(137, 11, NULL, NULL, NULL, NULL, '2019-01-20 15:18:26', NULL),
(137, 12, NULL, NULL, NULL, NULL, '2019-01-20 15:18:26', NULL),
(137, 13, NULL, NULL, NULL, NULL, '2019-01-20 15:18:26', NULL),
(137, 14, NULL, NULL, NULL, NULL, '2019-01-20 15:18:26', NULL),
(137, 15, NULL, NULL, NULL, NULL, '2019-01-20 15:18:26', NULL),
(138, 1, NULL, NULL, NULL, NULL, '2019-01-20 15:18:26', NULL),
(138, 2, NULL, NULL, NULL, NULL, '2019-01-20 15:18:26', NULL),
(138, 3, NULL, NULL, NULL, NULL, '2019-01-20 15:18:26', NULL),
(138, 4, NULL, NULL, NULL, NULL, '2019-01-20 15:18:26', NULL),
(138, 5, NULL, NULL, NULL, NULL, '2019-01-20 15:18:26', NULL),
(138, 6, NULL, NULL, NULL, NULL, '2019-01-20 15:18:26', NULL),
(138, 7, NULL, NULL, NULL, NULL, '2019-01-20 15:18:26', NULL),
(138, 8, NULL, NULL, NULL, NULL, '2019-01-20 15:18:26', NULL),
(138, 9, NULL, NULL, NULL, NULL, '2019-01-20 15:18:26', NULL),
(138, 10, NULL, NULL, NULL, NULL, '2019-01-20 15:18:26', NULL),
(138, 11, NULL, NULL, NULL, NULL, '2019-01-20 15:18:26', NULL),
(138, 12, NULL, NULL, NULL, NULL, '2019-01-20 15:18:26', NULL),
(138, 13, NULL, NULL, NULL, NULL, '2019-01-20 15:18:26', NULL),
(138, 14, NULL, NULL, NULL, NULL, '2019-01-20 15:18:26', NULL),
(138, 15, NULL, NULL, NULL, NULL, '2019-01-20 15:18:26', NULL),
(139, 1, NULL, NULL, NULL, NULL, '2019-01-20 15:18:26', NULL),
(139, 2, NULL, NULL, NULL, NULL, '2019-01-20 15:18:26', NULL),
(139, 3, NULL, NULL, NULL, NULL, '2019-01-20 15:18:26', NULL),
(139, 4, NULL, NULL, NULL, NULL, '2019-01-20 15:18:26', NULL),
(139, 5, NULL, NULL, NULL, NULL, '2019-01-20 15:18:26', NULL),
(139, 6, NULL, NULL, NULL, NULL, '2019-01-20 15:18:26', NULL),
(139, 7, NULL, NULL, NULL, NULL, '2019-01-20 15:18:26', NULL),
(139, 8, NULL, NULL, NULL, NULL, '2019-01-20 15:18:26', NULL),
(139, 9, NULL, NULL, NULL, NULL, '2019-01-20 15:18:26', NULL),
(139, 10, NULL, NULL, NULL, NULL, '2019-01-20 15:18:26', NULL),
(139, 11, NULL, NULL, NULL, NULL, '2019-01-20 15:18:26', NULL),
(139, 12, NULL, NULL, NULL, NULL, '2019-01-20 15:18:26', NULL),
(139, 13, NULL, NULL, NULL, NULL, '2019-01-20 15:18:26', NULL),
(139, 14, NULL, NULL, NULL, NULL, '2019-01-20 15:18:26', NULL),
(139, 15, NULL, NULL, NULL, NULL, '2019-01-20 15:18:26', NULL),
(140, 1, NULL, NULL, NULL, NULL, '2019-01-20 15:18:26', NULL),
(140, 2, NULL, NULL, NULL, NULL, '2019-01-20 15:18:26', NULL),
(140, 3, NULL, NULL, NULL, NULL, '2019-01-20 15:18:26', NULL),
(140, 4, NULL, NULL, NULL, NULL, '2019-01-20 15:18:26', NULL),
(140, 5, NULL, NULL, NULL, NULL, '2019-01-20 15:18:26', NULL),
(140, 6, NULL, NULL, NULL, NULL, '2019-01-20 15:18:26', NULL),
(140, 7, NULL, NULL, NULL, NULL, '2019-01-20 15:18:26', NULL),
(140, 8, NULL, NULL, NULL, NULL, '2019-01-20 15:18:26', NULL),
(140, 9, NULL, NULL, NULL, NULL, '2019-01-20 15:18:26', NULL),
(140, 10, NULL, NULL, NULL, NULL, '2019-01-20 15:18:26', NULL),
(140, 11, NULL, NULL, NULL, NULL, '2019-01-20 15:18:26', NULL),
(140, 12, NULL, NULL, NULL, NULL, '2019-01-20 15:18:26', NULL),
(140, 13, NULL, NULL, NULL, NULL, '2019-01-20 15:18:26', NULL),
(140, 14, NULL, NULL, NULL, NULL, '2019-01-20 15:18:26', NULL),
(140, 15, NULL, NULL, NULL, NULL, '2019-01-20 15:18:26', NULL),
(141, 1, NULL, NULL, NULL, NULL, '2019-01-20 15:18:26', NULL),
(141, 2, NULL, NULL, NULL, NULL, '2019-01-20 15:18:26', NULL),
(141, 3, NULL, NULL, NULL, NULL, '2019-01-20 15:18:26', NULL),
(141, 4, NULL, NULL, NULL, NULL, '2019-01-20 15:18:26', NULL),
(141, 5, NULL, NULL, NULL, NULL, '2019-01-20 15:18:26', NULL),
(141, 6, NULL, NULL, NULL, NULL, '2019-01-20 15:18:26', NULL),
(141, 7, NULL, NULL, NULL, NULL, '2019-01-20 15:18:26', NULL),
(141, 8, NULL, NULL, NULL, NULL, '2019-01-20 15:18:26', NULL),
(141, 9, NULL, NULL, NULL, NULL, '2019-01-20 15:18:26', NULL),
(141, 10, NULL, NULL, NULL, NULL, '2019-01-20 15:18:26', NULL),
(141, 11, NULL, NULL, NULL, NULL, '2019-01-20 15:18:26', NULL),
(141, 12, NULL, NULL, NULL, NULL, '2019-01-20 15:18:26', NULL),
(141, 13, NULL, NULL, NULL, NULL, '2019-01-20 15:18:26', NULL),
(141, 14, NULL, NULL, NULL, NULL, '2019-01-20 15:18:26', NULL),
(141, 15, NULL, NULL, NULL, NULL, '2019-01-20 15:18:26', NULL),
(142, 1, NULL, NULL, NULL, NULL, '2019-01-20 15:18:26', NULL),
(142, 2, NULL, NULL, NULL, NULL, '2019-01-20 15:18:26', NULL),
(142, 3, NULL, NULL, NULL, NULL, '2019-01-20 15:18:26', NULL),
(142, 4, NULL, NULL, NULL, NULL, '2019-01-20 15:18:26', NULL),
(142, 5, NULL, NULL, NULL, NULL, '2019-01-20 15:18:26', NULL),
(142, 6, NULL, NULL, NULL, NULL, '2019-01-20 15:18:26', NULL),
(142, 7, NULL, NULL, NULL, NULL, '2019-01-20 15:18:26', NULL),
(142, 8, NULL, NULL, NULL, NULL, '2019-01-20 15:18:26', NULL),
(142, 9, NULL, NULL, NULL, NULL, '2019-01-20 15:18:26', NULL),
(142, 10, NULL, NULL, NULL, NULL, '2019-01-20 15:18:26', NULL),
(142, 11, NULL, NULL, NULL, NULL, '2019-01-20 15:18:26', NULL),
(142, 12, NULL, NULL, NULL, NULL, '2019-01-20 15:18:26', NULL),
(142, 13, NULL, NULL, NULL, NULL, '2019-01-20 15:18:26', NULL),
(142, 14, NULL, NULL, NULL, NULL, '2019-01-20 15:18:26', NULL),
(142, 15, NULL, NULL, NULL, NULL, '2019-01-20 15:18:26', NULL),
(143, 1, NULL, NULL, NULL, NULL, '2019-01-20 15:18:26', NULL),
(143, 2, NULL, NULL, NULL, NULL, '2019-01-20 15:18:26', NULL),
(143, 3, NULL, NULL, NULL, NULL, '2019-01-20 15:18:26', NULL),
(143, 4, NULL, NULL, NULL, NULL, '2019-01-20 15:18:26', NULL),
(143, 5, NULL, NULL, NULL, NULL, '2019-01-20 15:18:26', NULL),
(143, 6, NULL, NULL, NULL, NULL, '2019-01-20 15:18:26', NULL),
(143, 7, NULL, NULL, NULL, NULL, '2019-01-20 15:18:26', NULL),
(143, 8, NULL, NULL, NULL, NULL, '2019-01-20 15:18:26', NULL),
(143, 9, NULL, NULL, NULL, NULL, '2019-01-20 15:18:26', NULL),
(143, 10, NULL, NULL, NULL, NULL, '2019-01-20 15:18:26', NULL),
(143, 11, NULL, NULL, NULL, NULL, '2019-01-20 15:18:26', NULL),
(143, 12, NULL, NULL, NULL, NULL, '2019-01-20 15:18:26', NULL),
(143, 13, NULL, NULL, NULL, NULL, '2019-01-20 15:18:26', NULL),
(143, 14, NULL, NULL, NULL, NULL, '2019-01-20 15:18:26', NULL),
(143, 15, NULL, NULL, NULL, NULL, '2019-01-20 15:18:26', NULL),
(144, 1, NULL, NULL, NULL, NULL, '2019-01-20 15:18:26', NULL),
(144, 2, NULL, NULL, NULL, NULL, '2019-01-20 15:18:26', NULL),
(144, 3, NULL, NULL, NULL, NULL, '2019-01-20 15:18:26', NULL),
(144, 4, NULL, NULL, NULL, NULL, '2019-01-20 15:18:26', NULL),
(144, 5, NULL, NULL, NULL, NULL, '2019-01-20 15:18:26', NULL),
(144, 6, NULL, NULL, NULL, NULL, '2019-01-20 15:18:26', NULL),
(144, 7, NULL, NULL, NULL, NULL, '2019-01-20 15:18:26', NULL),
(144, 8, NULL, NULL, NULL, NULL, '2019-01-20 15:18:26', NULL),
(144, 9, NULL, NULL, NULL, NULL, '2019-01-20 15:18:26', NULL),
(144, 10, NULL, NULL, NULL, NULL, '2019-01-20 15:18:26', NULL),
(144, 11, NULL, NULL, NULL, NULL, '2019-01-20 15:18:26', NULL),
(144, 12, NULL, NULL, NULL, NULL, '2019-01-20 15:18:26', NULL),
(144, 13, NULL, NULL, NULL, NULL, '2019-01-20 15:18:26', NULL),
(144, 14, NULL, NULL, NULL, NULL, '2019-01-20 15:18:26', NULL),
(144, 15, NULL, NULL, NULL, NULL, '2019-01-20 15:18:26', NULL),
(145, 1, NULL, NULL, NULL, NULL, '2019-01-20 15:18:26', NULL),
(145, 2, NULL, NULL, NULL, NULL, '2019-01-20 15:18:26', NULL),
(145, 3, NULL, NULL, NULL, NULL, '2019-01-20 15:18:26', NULL),
(145, 4, NULL, NULL, NULL, NULL, '2019-01-20 15:18:26', NULL),
(145, 5, NULL, NULL, NULL, NULL, '2019-01-20 15:18:26', NULL),
(145, 6, NULL, NULL, NULL, NULL, '2019-01-20 15:18:26', NULL),
(145, 7, NULL, NULL, NULL, NULL, '2019-01-20 15:18:26', NULL),
(145, 8, NULL, NULL, NULL, NULL, '2019-01-20 15:18:26', NULL),
(145, 9, NULL, NULL, NULL, NULL, '2019-01-20 15:18:26', NULL),
(145, 10, NULL, NULL, NULL, NULL, '2019-01-20 15:18:26', NULL),
(145, 11, NULL, NULL, NULL, NULL, '2019-01-20 15:18:26', NULL),
(145, 12, NULL, NULL, NULL, NULL, '2019-01-20 15:18:26', NULL),
(145, 13, NULL, NULL, NULL, NULL, '2019-01-20 15:18:26', NULL),
(145, 14, NULL, NULL, NULL, NULL, '2019-01-20 15:18:26', NULL),
(145, 15, NULL, NULL, NULL, NULL, '2019-01-20 15:18:26', NULL),
(146, 1, NULL, NULL, NULL, NULL, '2019-01-20 15:18:26', NULL),
(146, 2, NULL, NULL, NULL, NULL, '2019-01-20 15:18:26', NULL),
(146, 3, NULL, NULL, NULL, NULL, '2019-01-20 15:18:26', NULL),
(146, 4, NULL, NULL, NULL, NULL, '2019-01-20 15:18:26', NULL),
(146, 5, NULL, NULL, NULL, NULL, '2019-01-20 15:18:26', NULL),
(146, 6, NULL, NULL, NULL, NULL, '2019-01-20 15:18:26', NULL),
(146, 7, NULL, NULL, NULL, NULL, '2019-01-20 15:18:26', NULL),
(146, 8, NULL, NULL, NULL, NULL, '2019-01-20 15:18:26', NULL),
(146, 9, NULL, NULL, NULL, NULL, '2019-01-20 15:18:26', NULL),
(146, 10, NULL, NULL, NULL, NULL, '2019-01-20 15:18:26', NULL),
(146, 11, NULL, NULL, NULL, NULL, '2019-01-20 15:18:26', NULL),
(146, 12, NULL, NULL, NULL, NULL, '2019-01-20 15:18:26', NULL),
(146, 13, NULL, NULL, NULL, NULL, '2019-01-20 15:18:26', NULL),
(146, 14, NULL, NULL, NULL, NULL, '2019-01-20 15:18:26', NULL),
(146, 15, NULL, NULL, NULL, NULL, '2019-01-20 15:18:26', NULL),
(147, 1, NULL, NULL, NULL, NULL, '2019-01-20 15:18:26', NULL),
(147, 2, NULL, NULL, NULL, NULL, '2019-01-20 15:18:26', NULL),
(147, 3, NULL, NULL, NULL, NULL, '2019-01-20 15:18:26', NULL),
(147, 4, NULL, NULL, NULL, NULL, '2019-01-20 15:18:26', NULL),
(147, 5, NULL, NULL, NULL, NULL, '2019-01-20 15:18:26', NULL),
(147, 6, NULL, NULL, NULL, NULL, '2019-01-20 15:18:26', NULL),
(147, 7, NULL, NULL, NULL, NULL, '2019-01-20 15:18:26', NULL),
(147, 8, NULL, NULL, NULL, NULL, '2019-01-20 15:18:26', NULL),
(147, 9, NULL, NULL, NULL, NULL, '2019-01-20 15:18:26', NULL),
(147, 10, NULL, NULL, NULL, NULL, '2019-01-20 15:18:26', NULL),
(147, 11, NULL, NULL, NULL, NULL, '2019-01-20 15:18:26', NULL),
(147, 12, NULL, NULL, NULL, NULL, '2019-01-20 15:18:26', NULL),
(147, 13, NULL, NULL, NULL, NULL, '2019-01-20 15:18:26', NULL),
(147, 14, NULL, NULL, NULL, NULL, '2019-01-20 15:18:26', NULL),
(147, 15, NULL, NULL, NULL, NULL, '2019-01-20 15:18:26', NULL),
(148, 1, NULL, NULL, NULL, NULL, '2019-01-20 15:18:26', NULL),
(148, 2, NULL, NULL, NULL, NULL, '2019-01-20 15:18:26', NULL),
(148, 3, NULL, NULL, NULL, NULL, '2019-01-20 15:18:26', NULL),
(148, 4, NULL, NULL, NULL, NULL, '2019-01-20 15:18:26', NULL),
(148, 5, NULL, NULL, NULL, NULL, '2019-01-20 15:18:26', NULL),
(148, 6, NULL, NULL, NULL, NULL, '2019-01-20 15:18:26', NULL),
(148, 7, NULL, NULL, NULL, NULL, '2019-01-20 15:18:26', NULL),
(148, 8, NULL, NULL, NULL, NULL, '2019-01-20 15:18:26', NULL),
(148, 9, NULL, NULL, NULL, NULL, '2019-01-20 15:18:26', NULL),
(148, 10, NULL, NULL, NULL, NULL, '2019-01-20 15:18:26', NULL),
(148, 11, NULL, NULL, NULL, NULL, '2019-01-20 15:18:26', NULL),
(148, 12, NULL, NULL, NULL, NULL, '2019-01-20 15:18:26', NULL),
(148, 13, NULL, NULL, NULL, NULL, '2019-01-20 15:18:26', NULL),
(148, 14, NULL, NULL, NULL, NULL, '2019-01-20 15:18:26', NULL),
(148, 15, NULL, NULL, NULL, NULL, '2019-01-20 15:18:26', NULL),
(149, 1, NULL, NULL, NULL, NULL, '2019-01-20 15:18:26', NULL),
(149, 2, NULL, NULL, NULL, NULL, '2019-01-20 15:18:26', NULL),
(149, 3, NULL, NULL, NULL, NULL, '2019-01-20 15:18:26', NULL),
(149, 4, NULL, NULL, NULL, NULL, '2019-01-20 15:18:26', NULL),
(149, 5, NULL, NULL, NULL, NULL, '2019-01-20 15:18:26', NULL),
(149, 6, NULL, NULL, NULL, NULL, '2019-01-20 15:18:26', NULL),
(149, 7, NULL, NULL, NULL, NULL, '2019-01-20 15:18:26', NULL),
(149, 8, NULL, NULL, NULL, NULL, '2019-01-20 15:18:26', NULL),
(149, 9, NULL, NULL, NULL, NULL, '2019-01-20 15:18:26', NULL),
(149, 10, NULL, NULL, NULL, NULL, '2019-01-20 15:18:26', NULL),
(149, 11, NULL, NULL, NULL, NULL, '2019-01-20 15:18:26', NULL),
(149, 12, NULL, NULL, NULL, NULL, '2019-01-20 15:18:26', NULL),
(149, 13, NULL, NULL, NULL, NULL, '2019-01-20 15:18:26', NULL),
(149, 14, NULL, NULL, NULL, NULL, '2019-01-20 15:18:26', NULL),
(149, 15, NULL, NULL, NULL, NULL, '2019-01-20 15:18:26', NULL),
(150, 1, NULL, NULL, NULL, NULL, '2019-01-20 15:18:26', NULL),
(150, 2, NULL, NULL, NULL, NULL, '2019-01-20 15:18:26', NULL),
(150, 3, NULL, NULL, NULL, NULL, '2019-01-20 15:18:26', NULL),
(150, 4, NULL, NULL, NULL, NULL, '2019-01-20 15:18:26', NULL),
(150, 5, NULL, NULL, NULL, NULL, '2019-01-20 15:18:26', NULL),
(150, 6, NULL, NULL, NULL, NULL, '2019-01-20 15:18:26', NULL),
(150, 7, NULL, NULL, NULL, NULL, '2019-01-20 15:18:26', NULL),
(150, 8, NULL, NULL, NULL, NULL, '2019-01-20 15:18:26', NULL),
(150, 9, NULL, NULL, NULL, NULL, '2019-01-20 15:18:26', NULL),
(150, 10, NULL, NULL, NULL, NULL, '2019-01-20 15:18:26', NULL),
(150, 11, NULL, NULL, NULL, NULL, '2019-01-20 15:18:26', NULL),
(150, 12, NULL, NULL, NULL, NULL, '2019-01-20 15:18:26', NULL),
(150, 13, NULL, NULL, NULL, NULL, '2019-01-20 15:18:26', NULL),
(150, 14, NULL, NULL, NULL, NULL, '2019-01-20 15:18:26', NULL),
(150, 15, NULL, NULL, NULL, NULL, '2019-01-20 15:18:26', NULL),
(151, 1, NULL, NULL, NULL, NULL, '2019-01-20 15:18:26', NULL),
(151, 2, NULL, NULL, NULL, NULL, '2019-01-20 15:18:26', NULL),
(151, 3, NULL, NULL, NULL, NULL, '2019-01-20 15:18:26', NULL),
(151, 4, NULL, NULL, NULL, NULL, '2019-01-20 15:18:26', NULL),
(151, 5, NULL, NULL, NULL, NULL, '2019-01-20 15:18:26', NULL),
(151, 6, NULL, NULL, NULL, NULL, '2019-01-20 15:18:26', NULL),
(151, 7, NULL, NULL, NULL, NULL, '2019-01-20 15:18:26', NULL),
(151, 8, NULL, NULL, NULL, NULL, '2019-01-20 15:18:26', NULL),
(151, 9, NULL, NULL, NULL, NULL, '2019-01-20 15:18:26', NULL),
(151, 10, NULL, NULL, NULL, NULL, '2019-01-20 15:18:26', NULL),
(151, 11, NULL, NULL, NULL, NULL, '2019-01-20 15:18:26', NULL),
(151, 12, NULL, NULL, NULL, NULL, '2019-01-20 15:18:26', NULL),
(151, 13, NULL, NULL, NULL, NULL, '2019-01-20 15:18:26', NULL),
(151, 14, NULL, NULL, NULL, NULL, '2019-01-20 15:18:26', NULL),
(151, 15, NULL, NULL, NULL, NULL, '2019-01-20 15:18:26', NULL),
(152, 1, NULL, NULL, NULL, NULL, '2019-01-20 15:18:26', NULL),
(152, 2, NULL, NULL, NULL, NULL, '2019-01-20 15:18:26', NULL),
(152, 3, NULL, NULL, NULL, NULL, '2019-01-20 15:18:26', NULL),
(152, 4, NULL, NULL, NULL, NULL, '2019-01-20 15:18:26', NULL),
(152, 5, NULL, NULL, NULL, NULL, '2019-01-20 15:18:26', NULL),
(152, 6, NULL, NULL, NULL, NULL, '2019-01-20 15:18:26', NULL),
(152, 7, NULL, NULL, NULL, NULL, '2019-01-20 15:18:26', NULL),
(152, 8, NULL, NULL, NULL, NULL, '2019-01-20 15:18:26', NULL),
(152, 9, NULL, NULL, NULL, NULL, '2019-01-20 15:18:26', NULL),
(152, 10, NULL, NULL, NULL, NULL, '2019-01-20 15:18:26', NULL),
(152, 11, NULL, NULL, NULL, NULL, '2019-01-20 15:18:26', NULL),
(152, 12, NULL, NULL, NULL, NULL, '2019-01-20 15:18:26', NULL),
(152, 13, NULL, NULL, NULL, NULL, '2019-01-20 15:18:26', NULL),
(152, 14, NULL, NULL, NULL, NULL, '2019-01-20 15:18:26', NULL),
(152, 15, NULL, NULL, NULL, NULL, '2019-01-20 15:18:26', NULL),
(153, 1, NULL, NULL, NULL, NULL, '2019-01-20 15:18:26', NULL),
(153, 2, NULL, NULL, NULL, NULL, '2019-01-20 15:18:26', NULL),
(153, 3, NULL, NULL, NULL, NULL, '2019-01-20 15:18:26', NULL),
(153, 4, NULL, NULL, NULL, NULL, '2019-01-20 15:18:26', NULL),
(153, 5, NULL, NULL, NULL, NULL, '2019-01-20 15:18:26', NULL),
(153, 6, NULL, NULL, NULL, NULL, '2019-01-20 15:18:26', NULL),
(153, 7, NULL, NULL, NULL, NULL, '2019-01-20 15:18:26', NULL),
(153, 8, NULL, NULL, NULL, NULL, '2019-01-20 15:18:26', NULL),
(153, 9, NULL, NULL, NULL, NULL, '2019-01-20 15:18:26', NULL),
(153, 10, NULL, NULL, NULL, NULL, '2019-01-20 15:18:26', NULL),
(153, 11, NULL, NULL, NULL, NULL, '2019-01-20 15:18:26', NULL),
(153, 12, NULL, NULL, NULL, NULL, '2019-01-20 15:18:26', NULL),
(153, 13, NULL, NULL, NULL, NULL, '2019-01-20 15:18:26', NULL),
(153, 14, NULL, NULL, NULL, NULL, '2019-01-20 15:18:26', NULL),
(153, 15, NULL, NULL, NULL, NULL, '2019-01-20 15:18:26', NULL),
(154, 1, NULL, NULL, NULL, NULL, '2019-01-20 15:18:26', NULL),
(154, 2, NULL, NULL, NULL, NULL, '2019-01-20 15:18:26', NULL),
(154, 3, NULL, NULL, NULL, NULL, '2019-01-20 15:18:26', NULL),
(154, 4, NULL, NULL, NULL, NULL, '2019-01-20 15:18:26', NULL),
(154, 5, NULL, NULL, NULL, NULL, '2019-01-20 15:18:26', NULL),
(154, 6, NULL, NULL, NULL, NULL, '2019-01-20 15:18:26', NULL),
(154, 7, NULL, NULL, NULL, NULL, '2019-01-20 15:18:26', NULL),
(154, 8, NULL, NULL, NULL, NULL, '2019-01-20 15:18:26', NULL),
(154, 9, NULL, NULL, NULL, NULL, '2019-01-20 15:18:26', NULL),
(154, 10, NULL, NULL, NULL, NULL, '2019-01-20 15:18:26', NULL),
(154, 11, NULL, NULL, NULL, NULL, '2019-01-20 15:18:26', NULL),
(154, 12, NULL, NULL, NULL, NULL, '2019-01-20 15:18:26', NULL),
(154, 13, NULL, NULL, NULL, NULL, '2019-01-20 15:18:26', NULL),
(154, 14, NULL, NULL, NULL, NULL, '2019-01-20 15:18:26', NULL),
(154, 15, NULL, NULL, NULL, NULL, '2019-01-20 15:18:26', NULL),
(155, 1, NULL, NULL, NULL, NULL, '2019-01-20 15:18:26', NULL),
(155, 2, NULL, NULL, NULL, NULL, '2019-01-20 15:18:26', NULL),
(155, 3, NULL, NULL, NULL, NULL, '2019-01-20 15:18:26', NULL),
(155, 4, NULL, NULL, NULL, NULL, '2019-01-20 15:18:26', NULL),
(155, 5, NULL, NULL, NULL, NULL, '2019-01-20 15:18:26', NULL),
(155, 6, NULL, NULL, NULL, NULL, '2019-01-20 15:18:26', NULL),
(155, 7, NULL, NULL, NULL, NULL, '2019-01-20 15:18:26', NULL),
(155, 8, NULL, NULL, NULL, NULL, '2019-01-20 15:18:26', NULL),
(155, 9, NULL, NULL, NULL, NULL, '2019-01-20 15:18:26', NULL),
(155, 10, NULL, NULL, NULL, NULL, '2019-01-20 15:18:26', NULL),
(155, 11, NULL, NULL, NULL, NULL, '2019-01-20 15:18:26', NULL),
(155, 12, NULL, NULL, NULL, NULL, '2019-01-20 15:18:26', NULL),
(155, 13, NULL, NULL, NULL, NULL, '2019-01-20 15:18:26', NULL),
(155, 14, NULL, NULL, NULL, NULL, '2019-01-20 15:18:26', NULL),
(155, 15, NULL, NULL, NULL, NULL, '2019-01-20 15:18:26', NULL),
(156, 1, NULL, NULL, NULL, NULL, '2019-01-20 15:18:26', NULL),
(156, 2, NULL, NULL, NULL, NULL, '2019-01-20 15:18:26', NULL),
(156, 3, NULL, NULL, NULL, NULL, '2019-01-20 15:18:26', NULL),
(156, 4, NULL, NULL, NULL, NULL, '2019-01-20 15:18:26', NULL),
(156, 5, NULL, NULL, NULL, NULL, '2019-01-20 15:18:26', NULL),
(156, 6, NULL, NULL, NULL, NULL, '2019-01-20 15:18:26', NULL),
(156, 7, NULL, NULL, NULL, NULL, '2019-01-20 15:18:26', NULL),
(156, 8, NULL, NULL, NULL, NULL, '2019-01-20 15:18:26', NULL),
(156, 9, NULL, NULL, NULL, NULL, '2019-01-20 15:18:26', NULL),
(156, 10, NULL, NULL, NULL, NULL, '2019-01-20 15:18:26', NULL),
(156, 11, NULL, NULL, NULL, NULL, '2019-01-20 15:18:26', NULL),
(156, 12, NULL, NULL, NULL, NULL, '2019-01-20 15:18:26', NULL),
(156, 13, NULL, NULL, NULL, NULL, '2019-01-20 15:18:26', NULL),
(156, 14, NULL, NULL, NULL, NULL, '2019-01-20 15:18:26', NULL),
(156, 15, NULL, NULL, NULL, NULL, '2019-01-20 15:18:26', NULL),
(157, 1, NULL, NULL, NULL, NULL, '2019-01-20 15:18:26', NULL),
(157, 2, NULL, NULL, NULL, NULL, '2019-01-20 15:18:26', NULL),
(157, 3, NULL, NULL, NULL, NULL, '2019-01-20 15:18:26', NULL),
(157, 4, NULL, NULL, NULL, NULL, '2019-01-20 15:18:26', NULL),
(157, 5, NULL, NULL, NULL, NULL, '2019-01-20 15:18:26', NULL),
(157, 6, NULL, NULL, NULL, NULL, '2019-01-20 15:18:26', NULL),
(157, 7, NULL, NULL, NULL, NULL, '2019-01-20 15:18:26', NULL),
(157, 8, NULL, NULL, NULL, NULL, '2019-01-20 15:18:26', NULL),
(157, 9, NULL, NULL, NULL, NULL, '2019-01-20 15:18:26', NULL),
(157, 10, NULL, NULL, NULL, NULL, '2019-01-20 15:18:26', NULL),
(157, 11, NULL, NULL, NULL, NULL, '2019-01-20 15:18:26', NULL),
(157, 12, NULL, NULL, NULL, NULL, '2019-01-20 15:18:26', NULL),
(157, 13, NULL, NULL, NULL, NULL, '2019-01-20 15:18:26', NULL),
(157, 14, NULL, NULL, NULL, NULL, '2019-01-20 15:18:26', NULL),
(157, 15, NULL, NULL, NULL, NULL, '2019-01-20 15:18:26', NULL),
(158, 1, NULL, NULL, NULL, NULL, '2019-01-20 15:18:26', NULL),
(158, 2, NULL, NULL, NULL, NULL, '2019-01-20 15:18:26', NULL),
(158, 3, NULL, NULL, NULL, NULL, '2019-01-20 15:18:26', NULL),
(158, 4, NULL, NULL, NULL, NULL, '2019-01-20 15:18:26', NULL),
(158, 5, NULL, NULL, NULL, NULL, '2019-01-20 15:18:26', NULL),
(158, 6, NULL, NULL, NULL, NULL, '2019-01-20 15:18:26', NULL),
(158, 7, NULL, NULL, NULL, NULL, '2019-01-20 15:18:26', NULL),
(158, 8, NULL, NULL, NULL, NULL, '2019-01-20 15:18:26', NULL),
(158, 9, NULL, NULL, NULL, NULL, '2019-01-20 15:18:26', NULL),
(158, 10, NULL, NULL, NULL, NULL, '2019-01-20 15:18:26', NULL),
(158, 11, NULL, NULL, NULL, NULL, '2019-01-20 15:18:26', NULL),
(158, 12, NULL, NULL, NULL, NULL, '2019-01-20 15:18:26', NULL),
(158, 13, NULL, NULL, NULL, NULL, '2019-01-20 15:18:26', NULL),
(158, 14, NULL, NULL, NULL, NULL, '2019-01-20 15:18:26', NULL),
(158, 15, NULL, NULL, NULL, NULL, '2019-01-20 15:18:26', NULL);

-- --------------------------------------------------------

--
-- Table structure for table `responsibility`
--

CREATE TABLE `responsibility` (
  `idresponsibility` int(11) NOT NULL,
  `responsibilitycol` varchar(45) DEFAULT NULL,
  `inisial_responsibility` varchar(45) DEFAULT NULL
) ENGINE=InnoDB DEFAULT CHARSET=latin1;

--
-- Dumping data for table `responsibility`
--

INSERT INTO `responsibility` (`idresponsibility`, `responsibilitycol`, `inisial_responsibility`) VALUES
(1, 'Manager In Charge', 'MIC'),
(2, 'Team Leader', 'TL'),
(3, 'Team Member', 'TM');

-- --------------------------------------------------------

--
-- Table structure for table `risk_factore`
--

CREATE TABLE `risk_factore` (
  `idrisk_value` int(11) NOT NULL,
  `risk_valuecol` varchar(45) DEFAULT NULL
) ENGINE=InnoDB DEFAULT CHARSET=latin1;

--
-- Dumping data for table `risk_factore`
--

INSERT INTO `risk_factore` (`idrisk_value`, `risk_valuecol`) VALUES
(1, 'High'),
(2, 'Medium '),
(3, 'Low'),
(4, NULL);

-- --------------------------------------------------------

--
-- Table structure for table `roottask`
--

CREATE TABLE `roottask` (
  `idroottask` int(11) NOT NULL,
  `rootprocesscol` varchar(45) DEFAULT NULL
) ENGINE=InnoDB DEFAULT CHARSET=latin1;

--
-- Dumping data for table `roottask`
--

INSERT INTO `roottask` (`idroottask`, `rootprocesscol`) VALUES
(1, 'Preliminary'),
(2, 'OU'),
(3, 'Field Work'),
(4, 'Reporting');

-- --------------------------------------------------------

--
-- Table structure for table `status_karyawan`
--

CREATE TABLE `status_karyawan` (
  `idstatus_karyawan` int(11) NOT NULL,
  `status_karyawancol` varchar(45) DEFAULT NULL
) ENGINE=InnoDB DEFAULT CHARSET=latin1;

--
-- Dumping data for table `status_karyawan`
--

INSERT INTO `status_karyawan` (`idstatus_karyawan`, `status_karyawancol`) VALUES
(1, 'Active'),
(2, 'Non Active');

-- --------------------------------------------------------

--
-- Table structure for table `Table_RR_WP_Manufacture`
--

CREATE TABLE `Table_RR_WP_Manufacture` (
  `project_idproject` int(11) DEFAULT NULL,
  `WP_No` decimal(18,0) NOT NULL,
  `WP_AuditObjective` text DEFAULT NULL,
  `WP_CompanyName` tinytext DEFAULT NULL,
  `WP_Dept` tinytext DEFAULT NULL,
  `WP_Process` tinytext DEFAULT NULL,
  `WP_SubProcess` tinytext DEFAULT NULL,
  `WP_SubProcessDesc` text DEFAULT NULL,
  `Inherent_Cause` tinytext DEFAULT NULL,
  `Inherent_LossEvent` tinytext DEFAULT NULL,
  `Inherent_Impact` tinytext DEFAULT NULL,
  `WP_Notes` tinytext DEFAULT NULL,
  `Inherent_FinancialImpactAmount` double DEFAULT NULL,
  `Inherent_FinancialImpactTo` double DEFAULT NULL,
  `Inherent_FinancialImpact` double DEFAULT NULL,
  `Inherent_StrategiImpact` tinytext DEFAULT NULL,
  `Inherent_ImpactLevel` tinytext DEFAULT NULL,
  `Inherent_LikelihoodLevel` tinytext DEFAULT NULL,
  `Inherent_RiskLevel` tinytext DEFAULT NULL,
  `Curent_Control` text DEFAULT NULL,
  `Residual_BA_FinancialImpactAmo` float DEFAULT NULL,
  `Residual_BA_FinancialTo` float DEFAULT NULL,
  `Residual_BA_FinancialImpact` float DEFAULT NULL,
  `Residual_BA_StategicImpact` tinytext DEFAULT NULL,
  `Residual_BA_ImpactLevel` tinytext DEFAULT NULL,
  `Residual_BA_LikelihoodLevel` tinytext DEFAULT NULL,
  `Residual_BA_RiskLevel` tinytext DEFAULT NULL,
  `Treatment_What` text DEFAULT NULL,
  `Tretment_When` tinytext DEFAULT NULL,
  `Treatment_Who` tinytext DEFAULT NULL,
  `Expected_Impact` tinytext DEFAULT NULL,
  `Expected_Likelihood` tinytext DEFAULT NULL,
  `Expected_RiskLevel` tinytext DEFAULT NULL,
  `Residual_AA_ImpactLevel` tinytext DEFAULT NULL,
  `Residual_AA_LikelihoodLevel` tinytext DEFAULT NULL,
  `Residual_AA_RiskLevel` tinytext DEFAULT NULL,
  `WP_CodeAP` tinytext DEFAULT NULL,
  `WP_AuditProgram` text DEFAULT NULL,
  `WP_Document` text DEFAULT NULL,
  `WP_Progress` tinytext DEFAULT NULL,
  `WP_Refer` tinytext DEFAULT NULL,
  `WP_Isu` text DEFAULT NULL,
  `WP_Cause` text DEFAULT NULL,
  `WP_SOP` text DEFAULT NULL,
  `WP_Konsistensi` decimal(18,0) DEFAULT NULL,
  `WP_AmountSampling` float DEFAULT NULL,
  `WP_AmountAnomali` float DEFAULT NULL,
  `WP_PersentaseValid` decimal(18,0) DEFAULT NULL,
  `WP_Grading` float DEFAULT NULL,
  `WP_GradingWarna` tinytext DEFAULT NULL,
  `WP_isFinding` tinytext DEFAULT NULL,
  `WP_Finding` tinytext DEFAULT NULL,
  `WP_RecomendationWhat` text DEFAULT NULL,
  `WP_RecomendationWho` tinytext DEFAULT NULL,
  `WP_RecomendationWhen` date DEFAULT NULL
) ENGINE=MyISAM DEFAULT CHARSET=latin1;

-- --------------------------------------------------------

--
-- Table structure for table `userlevel`
--

CREATE TABLE `userlevel` (
  `iduserlevel` int(11) NOT NULL,
  `userlevelcol` varchar(45) DEFAULT NULL
) ENGINE=MyISAM DEFAULT CHARSET=latin1;

--
-- Dumping data for table `userlevel`
--

INSERT INTO `userlevel` (`iduserlevel`, `userlevelcol`) VALUES
(1, 'superuser'),
(2, 'admin'),
(3, 'Head'),
(4, 'user');

-- --------------------------------------------------------

--
-- Table structure for table `userlogin`
--

CREATE TABLE `userlogin` (
  `iduserlogin` int(11) NOT NULL,
  `username` varchar(45) DEFAULT NULL,
  `password` varchar(45) DEFAULT NULL,
  `master_karyawan_idkaryawan` int(11) NOT NULL,
  `userlevel_iduserlevel` int(11) NOT NULL
) ENGINE=MyISAM DEFAULT CHARSET=latin1;

--
-- Dumping data for table `userlogin`
--

INSERT INTO `userlogin` (`iduserlogin`, `username`, `password`, `master_karyawan_idkaryawan`, `userlevel_iduserlevel`) VALUES
(1, 'sudo su', 'coklat123', 14, 1);

-- --------------------------------------------------------

--
-- Table structure for table `WP_Manufacture`
--

CREATE TABLE `WP_Manufacture` (
  `idProject` int(11) DEFAULT NULL,
  `WP_CompanyName` text DEFAULT NULL,
  `WP_No` decimal(18,0) DEFAULT NULL,
  `WP_CodeAP` text DEFAULT NULL,
  `WP_Dept` text DEFAULT NULL,
  `WP_Process` text DEFAULT NULL,
  `WP_SubProcess` text DEFAULT NULL,
  `WP_SubProcessDesc` text DEFAULT NULL,
  `Inherent_Cause` text DEFAULT NULL,
  `Inherent_LossEvent` text DEFAULT NULL,
  `Inherent_Impact` text DEFAULT NULL,
  `WP_Notes1` text DEFAULT NULL,
  `Inherent_FinancialImpactAmount` float DEFAULT NULL,
  `Inherent_FinancialImpactTo` text DEFAULT NULL,
  `Inherent_FinancialImpact` text DEFAULT NULL,
  `Inherent_StrategicImpact` text DEFAULT NULL,
  `Inherent_ImpactLevel` text DEFAULT NULL,
  `Inherent_LikelihoodLevel` text DEFAULT NULL,
  `Inherent_RiskLevel` text DEFAULT NULL,
  `Current_Control` text DEFAULT NULL,
  `WP_Notes2` text NOT NULL,
  `Residual_BA_FinancialImpactAmount` float DEFAULT NULL,
  `Residual_BA_FinancialImpactTo` text DEFAULT NULL,
  `Residual_BA_FinancialImpact` text DEFAULT NULL,
  `Residual_BA_StrategicImpact` text DEFAULT NULL,
  `Residual_BA_ImpactLevel` text DEFAULT NULL,
  `Residual_BA_LikelihoodLevel` text DEFAULT NULL,
  `Residual_BA_RiskLevel` text DEFAULT NULL,
  `Treatment_What` text DEFAULT NULL,
  `Treatment_When` date DEFAULT NULL,
  `Treatment_Who` text DEFAULT NULL,
  `Expected_Impact` text DEFAULT NULL,
  `Expected_Likelihood` text DEFAULT NULL,
  `Expected_RiskLevel` text DEFAULT NULL,
  `Residual_AA_ImpactLevel` text DEFAULT NULL,
  `Residual_AA_LikelihoodLevel` text DEFAULT NULL,
  `Residual_AA_RiskLevel` text DEFAULT NULL,
  `WP_AuditObjective` text DEFAULT NULL,
  `WP_AuditProgram` text DEFAULT NULL,
  `WP_Document` text DEFAULT NULL,
  `WP_isChecked` text NOT NULL,
  `WP_PIC` text NOT NULL,
  `WP_Progress` text DEFAULT NULL,
  `WP_Refer` text DEFAULT NULL,
  `WP_Isu` text DEFAULT NULL,
  `WP_Cause` text DEFAULT NULL,
  `WP_SOP` text DEFAULT NULL,
  `WP_Konsistensi` decimal(18,0) DEFAULT NULL,
  `WP_AmountSampling` float DEFAULT NULL,
  `WP_AmountAnomali` float DEFAULT NULL,
  `WP_PersentaseValid` decimal(18,0) DEFAULT NULL,
  `WP_Grading` text DEFAULT NULL,
  `WP_GradingWarna` text DEFAULT NULL,
  `WP_isFinding` text DEFAULT NULL
) ENGINE=MyISAM DEFAULT CHARSET=latin1;

--
-- Dumping data for table `WP_Manufacture`
--

INSERT INTO `WP_Manufacture` (`idProject`, `WP_CompanyName`, `WP_No`, `WP_CodeAP`, `WP_Dept`, `WP_Process`, `WP_SubProcess`, `WP_SubProcessDesc`, `Inherent_Cause`, `Inherent_LossEvent`, `Inherent_Impact`, `WP_Notes1`, `Inherent_FinancialImpactAmount`, `Inherent_FinancialImpactTo`, `Inherent_FinancialImpact`, `Inherent_StrategicImpact`, `Inherent_ImpactLevel`, `Inherent_LikelihoodLevel`, `Inherent_RiskLevel`, `Current_Control`, `WP_Notes2`, `Residual_BA_FinancialImpactAmount`, `Residual_BA_FinancialImpactTo`, `Residual_BA_FinancialImpact`, `Residual_BA_StrategicImpact`, `Residual_BA_ImpactLevel`, `Residual_BA_LikelihoodLevel`, `Residual_BA_RiskLevel`, `Treatment_What`, `Treatment_When`, `Treatment_Who`, `Expected_Impact`, `Expected_Likelihood`, `Expected_RiskLevel`, `Residual_AA_ImpactLevel`, `Residual_AA_LikelihoodLevel`, `Residual_AA_RiskLevel`, `WP_AuditObjective`, `WP_AuditProgram`, `WP_Document`, `WP_isChecked`, `WP_PIC`, `WP_Progress`, `WP_Refer`, `WP_Isu`, `WP_Cause`, `WP_SOP`, `WP_Konsistensi`, `WP_AmountSampling`, `WP_AmountAnomali`, `WP_PersentaseValid`, `WP_Grading`, `WP_GradingWarna`, `WP_isFinding`) VALUES
(91, NULL, NULL, NULL, NULL, NULL, NULL, NULL, NULL, NULL, NULL, NULL, NULL, NULL, NULL, NULL, NULL, NULL, NULL, NULL, '', NULL, NULL, NULL, NULL, NULL, NULL, NULL, NULL, NULL, NULL, NULL, NULL, NULL, NULL, NULL, NULL, NULL, NULL, NULL, '', '', NULL, NULL, NULL, NULL, NULL, NULL, NULL, NULL, NULL, NULL, NULL, NULL),
(92, 'WP_CompanyName', '1', 'WP_CodeAP', 'WP_Dept', 'WP_Process', 'WP_SubProcess', 'WP_SubProcessDesc', 'Inherent_Cause', 'Inherent_LossEvent', 'Inherent_Impact', 'WP_Notes1', 100, 'Inherent_FinancialImpactTo', 'Inherent_FinancialImpact', 'Inherent_StrategicImpact', 'Inherent_ImpactLevel', 'Inherent_LikelihoodLevel', 'Inherent_RiskLevel', 'Current_Control', 'WP_Notes2', 100, 'Residual_BA_FinancialImpactTo', 'Residual_BA_FinancialImpact', 'Residual_BA_StrategicImpact', 'Residual_BA_ImpactLevel', 'Residual_BA_LikelihoodLevel', 'Residual_BA_RiskLevel', 'Treatment_What', '0000-00-00', 'Treatment_Who', 'Expected_Impact', 'Expected_Likelihood', 'Expected_RiskLevel', 'Residual_AA_ImpactLevel', 'Residual_AA_LikelihoodLevel', 'Residual_AA_RiskLevel', 'WP_AuditObjective', 'WP_AuditProgram', 'WP_Document', 'WP_isChecked', 'WP_PIC', '5', 'WP_Refer', 'WP_Isu', 'WP_Cause', 'WP_SOP', '80', 100, 10, '20', '1', 'WP_GradingWarna', 'WP_isFinding'),
(92, 'WP_CompanyName', '2', 'WP_CodeAP', 'WP_Dept', 'WP_Process', 'WP_SubProcess', 'WP_SubProcessDesc', 'Inherent_Cause', 'Inherent_LossEvent', 'Inherent_Impact', 'WP_Notes1', 100, 'Inherent_FinancialImpactTo', 'Inherent_FinancialImpact', 'Inherent_StrategicImpact', 'Inherent_ImpactLevel', 'Inherent_LikelihoodLevel', 'Inherent_RiskLevel', 'Current_Control', 'WP_Notes2', 100, 'Residual_BA_FinancialImpactTo', 'Residual_BA_FinancialImpact', 'Residual_BA_StrategicImpact', 'Residual_BA_ImpactLevel', 'Residual_BA_LikelihoodLevel', 'Residual_BA_RiskLevel', 'Treatment_What', '2019-01-20', 'Treatment_Who', 'Expected_Impact', 'Expected_Likelihood', 'Expected_RiskLevel', 'Residual_AA_ImpactLevel', 'Residual_AA_LikelihoodLevel', 'Residual_AA_RiskLevel', 'WP_AuditObjective', 'WP_AuditProgram', 'WP_Document', 'WP_isChecked', 'WP_PIC', '5', 'WP_Refer', 'WP_Isu', 'WP_Cause', 'WP_SOP', '80', 100, 10, '20', '1', 'WP_GradingWarna', 'WP_isFinding'),
(92, 'WP_CompanyName', '3', 'WP_CodeAP', 'WP_Dept', 'WP_Process', 'WP_SubProcess', 'WP_SubProcessDesc', 'Inherent_Cause', 'Inherent_LossEvent', 'Inherent_Impact', 'WP_Notes1', 100, 'Inherent_FinancialImpactTo', 'Inherent_FinancialImpact', 'Inherent_StrategicImpact', 'Inherent_ImpactLevel', 'Inherent_LikelihoodLevel', 'Inherent_RiskLevel', 'Current_Control', 'WP_Notes2', 100, 'Residual_BA_FinancialImpactTo', 'Residual_BA_FinancialImpact', 'Residual_BA_StrategicImpact', 'Residual_BA_ImpactLevel', 'Residual_BA_LikelihoodLevel', 'Residual_BA_RiskLevel', 'Treatment_What', '2019-01-30', 'Treatment_Who', 'Expected_Impact', 'Expected_Likelihood', 'Expected_RiskLevel', 'Residual_AA_ImpactLevel', 'Residual_AA_LikelihoodLevel', 'Residual_AA_RiskLevel', 'WP_AuditObjective', 'WP_AuditProgram', 'WP_Document', 'WP_isChecked', 'WP_PIC', '5', 'WP_Refer', 'WP_Isu', 'WP_Cause', 'WP_SOP', '80', 100, 10, '20', '1', 'WP_GradingWarna', 'WP_isFinding'),
(92, 'WP_CompanyName', '3', 'WP_CodeAP', 'WP_Dept', 'WP_Process', 'WP_SubProcess', 'WP_SubProcessDesc', 'Inherent_Cause', 'Inherent_LossEvent', 'Inherent_Impact', 'WP_Notes1', 100, 'Inherent_FinancialImpactTo', 'Inherent_FinancialImpact', 'Inherent_StrategicImpact', 'Inherent_ImpactLevel', 'Inherent_LikelihoodLevel', 'Inherent_RiskLevel', 'Current_Control', 'WP_Notes2', 100, 'Residual_BA_FinancialImpactTo', 'Residual_BA_FinancialImpact', 'Residual_BA_StrategicImpact', 'Residual_BA_ImpactLevel', 'Residual_BA_LikelihoodLevel', 'Residual_BA_RiskLevel', 'Treatment_What', '2019-01-30', 'Treatment_Who', 'Expected_Impact', 'Expected_Likelihood', 'Expected_RiskLevel', 'Residual_AA_ImpactLevel', 'Residual_AA_LikelihoodLevel', 'Residual_AA_RiskLevel', 'WP_AuditObjective', 'WP_AuditProgram', 'WP_Document', 'WP_isChecked', 'WP_PIC', '5', 'WP_Refer', 'WP_Isu', 'WP_Cause', 'WP_SOP', '80', 100, 10, '20', '1', 'WP_GradingWarna', 'WP_isFinding'),
(92, 'WP_Compan ;  ,. . ,  \" /?** yName', '4', 'WP_CodeAP', 'WP_Dept', 'WP_Process', 'WP_SubProcess', 'WP_SubProcessDesc', 'Inherent_Cause', 'Inherent_LossEvent', 'Inherent_Impact', 'WP_Notes1', 100, 'Inherent_FinancialImpactTo', 'Inherent_FinancialImpact', 'Inherent_StrategicImpact', 'Inherent_ImpactLevel', 'Inherent_LikelihoodLevel', 'Inherent_RiskLevel', 'Current_Control', 'WP_Notes2', 100, 'Residual_BA_FinancialImpactTo', 'Residual_BA_FinancialImpact', 'Residual_BA_StrategicImpact', 'Residual_BA_ImpactLevel', 'Residual_BA_LikelihoodLevel', 'Residual_BA_RiskLevel', 'Treatment_What', '2019-01-30', 'Treatment_Who', 'Expected_Impact', 'Expected_Likelihood', 'Expected_RiskLevel', 'Residual_AA_ImpactLevel', 'Residual_AA_LikelihoodLevel', 'Residual_AA_RiskLevel', 'WP_AuditObjective', 'WP_AuditProgram', 'WP_Document', 'WP_isChecked', 'WP_PIC', '5', 'WP_Refer', 'WP_Isu', 'WP_Cause', 'WP_SOP', '80', 100, 10, '20', '1', 'WP_GradingWarna', 'WP_isFinding'),
(90, 'Horizontal Review BAAN Kayaba Indo', '1', 'MKT.1.1', 'Marketing', 'Order Handling', 'New Project', 'text', 'abc', 'Project batal\n', 'abc', 'text', 100, 'text', 'text', 'Major', 'Major', 'Possible', 'High', 'text', 'text', 100, 'test', 'Catastrophic', 'Catastrophic', 'Minor', 'Possible', 'Medium', 'test', '0000-00-00', 'CIST', 'Major', 'Likely', 'Extreme', 'Insignificant', 'Possible', 'Low', 'Memastikan penanganan new project dilakukan dengan tepat', 'abc', 'abc', 'Yes', 'test', '1', 'test', 'Bank tidak akurat', '0', 'Ya', '0', 10, 0, '1', '4', 'SIN', 'yes'),
(90, 'Horizontal Review BAAN Kayaba Indo', '1', 'MKT.1.1', 'Marketing', 'Order Handling', 'New Project', 'text', 'abc', 'Project batal\n', 'abc', 'text', 100, 'text', 'text', 'Major', 'Major', 'Possible', 'High', 'text', 'text', 100, 'test', 'Catastrophic', 'Catastrophic', 'Minor', 'Possible', 'Medium', 'test', '2019-01-20', 'CIST', 'Major', 'Likely', 'Extreme', 'Insignificant', 'Possible', 'Low', 'Memastikan penanganan new project dilakukan dengan tepat', 'abc', 'abc', 'Yes', 'test', '1', 'test', 'Bank tidak akurat', '0', 'Ya', '0', 10, 0, '1', '4', 'SIN', 'yes'),
(90, 'Horizontal Review BAAN Kayaba Indo', '1', 'MKT.1.1', 'Marketing', 'Order Handling', 'New Project', 'text', 'a. Master harga jual tidak update/ tidak akurat \nb. Miss informasi dari customer\nc. Update harga tanpa supporting dokumen\nd. Tidak ada SOD antara update master harga dan invoicing\ne. penyalahgunaan user akses atau akses diberikan kepada pihak tidak berwenang', 'Project batal\n', 'abc', 'text', 100, 'text', 'text', 'Major', 'Major', 'Possible', 'High', 'text', 'text', 100, 'test', 'Catastrophic', 'Catastrophic', 'Minor', 'Possible', 'Medium', 'test', '2019-01-20', 'CIST', 'Major', 'Likely', 'Extreme', 'Insignificant', 'Possible', 'Low', 'Memastikan penanganan new project dilakukan dengan tepat', 'abc', 'abc', 'Yes', 'test', '1', 'test', 'Bank tidak akurat', '0', 'Ya', '0', 10, 0, '1', '4', 'SIN', 'yes'),
(90, 'Horizontal Review BAAN Kayaba Indo', '1', 'MKT.1.1', 'Marketing', 'Order Handling', 'New Project', 'test', 'a. Keterbatasan data dan informasi \nb. FS tidak akurat \nc. Request dari customer tidak detail\nd. Dokumentasi project tidak lengkap', 'Project batal\n', 'Inefisiensi cost\nCustomer Image\nDispute', 'test', 100, 'test', 'test', 'Minor', 'Major', 'Possible', 'High', 'test', 'test', 1, 'test', 'Moderate', 'Moderate', 'Moderate', 'Unlikely', 'Medium', 'test', '2019-01-30', 'test', 'Moderate', 'Possible', 'High', 'Minor', 'Possible', 'test', 'Memastikan penanganan new project dilakukan dengan tepat', '1. Review kecukupan SOP penanganan new project\n2. Request data new project selama 1 tahun terakhir ke engineering/PPIC serta status masing-masing project. \n3. Review dokumentasi monitoring project (status, checklist dokumen, dan timeline)\n4. Sampling project yang akan diverifikasi\n5. Sampling dokumen kelengkapan new project tersebut sesuai dengan SOP yang berlaku (RFQ, Feasibility Study, Quotation, dan LOI) ', '1. SOP Penanganan New Project\n2. Dokumentasi monitoring project\n2. Dokumen new project', 'Yes', 'HVE', '1', 'MKT01', 'Bank tidak akurat', '0', 'Ya', '0', 10, 0, '1', '4', 'SIN', 'yes'),
(90, 'Horizontal Review BAAN Kayaba Indo', '1', 'MKT.1.1', 'Marketing', 'Order Handling', 'New Project', 'test', 'a. Keterbatasan data dan informasi \nb. FS tidak akurat \nc. Request dari customer tidak detail\nd. Dokumentasi project tidak lengkap', 'Project batal\n', 'Inefisiensi cost\nCustomer Image\nDispute', 'test', 0, 'test', 'test', 'Minor', 'Major', 'Possible', 'High', 'test', 'test', 1, 'test', 'Moderate', 'Moderate', 'Moderate', 'Unlikely', 'Medium', 'test', '2019-01-30', 'test', 'Moderate', 'Possible', 'High', 'Minor', 'Possible', 'test', 'Memastikan penanganan new project dilakukan dengan tepat', '1. Review kecukupan SOP penanganan new project\n2. Request data new project selama 1 tahun terakhir ke engineering/PPIC serta status masing-masing project. \n3. Review dokumentasi monitoring project (status, checklist dokumen, dan timeline)\n4. Sampling project yang akan diverifikasi\n5. Sampling dokumen kelengkapan new project tersebut sesuai dengan SOP yang berlaku (RFQ, Feasibility Study, Quotation, dan LOI) ', '1. SOP Penanganan New Project\n2. Dokumentasi monitoring project\n2. Dokumen new project', 'Yes', 'HVE', '1', 'MKT01', 'Bank tidak akurat', '0', 'Ya', '0', 10, 0, '1', '4', 'SIN', 'yes'),
(90, 'Horizontal Review BAAN Kayaba Indo', '1', 'MKT.1.1', 'Marketing', 'Order Handling', 'New Project', 'test', 'a. Keterbatasan data dan informasi \nb. FS tidak akurat \nc. Request dari customer tidak detail\nd. Dokumentasi project tidak lengkap', 'Project batal\n', 'Inefisiensi cost\nCustomer Image\nDispute', 'test', 0, 'test', 'test', 'Minor', 'Major', 'Possible', 'High', 'test', 'test', 1, 'test', 'Moderate', 'Moderate', 'Moderate', 'Unlikely', 'Medium', 'test', '2019-01-30', 'test', 'Moderate', 'Possible', 'High', 'Minor', 'Possible', 'test', 'Memastikan penanganan new project dilakukan dengan tepat', '1. Review kecukupan SOP penanganan new project\n2. Request data new project selama 1 tahun terakhir ke engineering/PPIC serta status masing-masing project. \n3. Review dokumentasi monitoring project (status, checklist dokumen, dan timeline)\n4. Sampling project yang akan diverifikasi\n5. Sampling dokumen kelengkapan new project tersebut sesuai dengan SOP yang berlaku (RFQ, Feasibility Study, Quotation, dan LOI) ', '1. SOP Penanganan New Project\n2. Dokumentasi monitoring project\n2. Dokumen new project', 'Yes', 'HVE', '0', 'MKT01', 'Bank tidak akurat', '0', 'Ya', '0', 0, 0, '0', '4', 'SIN', 'yes'),
(91, 'Horizontal Review BAAN FSCM', '1', 'MKT.1.1', 'Marketing', 'Order Handling', 'New Project', 'test', 'a. Keterbatasan data dan informasi \nb. FS tidak akurat \nc. Request dari customer tidak detail\nd. Dokumentasi project tidak lengkap', 'Project batal\n', 'Inefisiensi cost\nCustomer Image\nDispute', 'test', 0, 'test', 'test', 'Minor', 'Major', 'Possible', 'High', 'test', 'test', 1, 'test', 'Moderate', 'Moderate', 'Moderate', 'Unlikely', 'Medium', 'test', '2019-01-30', 'test', 'Moderate', 'Possible', 'High', 'Minor', 'Possible', 'test', 'Memastikan penanganan new project dilakukan dengan tepat', '1. Review kecukupan SOP penanganan new project\n2. Request data new project selama 1 tahun terakhir ke engineering/PPIC serta status masing-masing project. \n3. Review dokumentasi monitoring project (status, checklist dokumen, dan timeline)\n4. Sampling project yang akan diverifikasi\n5. Sampling dokumen kelengkapan new project tersebut sesuai dengan SOP yang berlaku (RFQ, Feasibility Study, Quotation, dan LOI) ', '1. SOP Penanganan New Project\n2. Dokumentasi monitoring project\n2. Dokumen new project', 'Yes', 'HVE', '0', 'MKT01', 'Bank tidak akurat', 'd', 'Ya', '0', 0, 0, '0', '4', 'SIN', 'yes'),
(91, 'Horizontal Review BAAN FSCM', '1', 'MKT.1.1', 'Marketing', 'Order Handling', 'New Project', 'test', 'a. Keterbatasan data dan informasi \nb. FS tidak akurat \nc. Request dari customer tidak detail\nd. Dokumentasi project tidak lengkap', 'Project batal\n', 'Inefisiensi cost\nCustomer Image\nDispute', 'test', 0, 'test', 'test', 'Minor', 'Major', 'Possible', 'High', 'test', 'test', 1, 'test', 'Moderate', 'Moderate', 'Moderate', 'Unlikely', 'Medium', 'test', '2019-01-30', 'test', 'Moderate', 'Possible', 'High', 'Minor', 'Possible', 'test', 'Memastikan penanganan new project dilakukan dengan tepat', '1. Review kecukupan SOP penanganan new project\n2. Request data new project selama 1 tahun terakhir ke engineering/PPIC serta status masing-masing project. \n3. Review dokumentasi monitoring project (status, checklist dokumen, dan timeline)\n4. Sampling project yang akan diverifikasi\n5. Sampling dokumen kelengkapan new project tersebut sesuai dengan SOP yang berlaku (RFQ, Feasibility Study, Quotation, dan LOI) ', '1. SOP Penanganan New Project\n2. Dokumentasi monitoring project\n2. Dokumen new project', 'Yes', 'HVE', '0', 'MKT01', 'Bank tidak akurat', 'd', 'Ya', '0', 0, 0, '0', '4', 'SIN', 'yes'),
(91, 'Horizontal Review BAAN FSCM', '1', 'MKT.1.1', 'Marketing', 'Order Handling', 'New Project', 'HVE Test', 'a. Keterbatasan data dan informasi \nb. FS tidak akurat \nc. Request dari customer tidak detail\nd. Dokumentasi project tidak lengkap', 'Project batal\n', 'Inefisiensi cost\nCustomer Image\nDispute', 'test', 0, 'test', 'test', 'Minor', 'Major', 'Possible', 'High', 'test', 'test', 1, 'test', 'Moderate', 'Moderate', 'Moderate', 'Unlikely', 'Medium', 'test', '2019-01-30', 'test', 'Moderate', 'Possible', 'High', 'Minor', 'Possible', 'test', 'Memastikan penanganan new project dilakukan dengan tepat', '1. Review kecukupan SOP penanganan new project\n2. Request data new project selama 1 tahun terakhir ke engineering/PPIC serta status masing-masing project. \n3. Review dokumentasi monitoring project (status, checklist dokumen, dan timeline)\n4. Sampling project yang akan diverifikasi\n5. Sampling dokumen kelengkapan new project tersebut sesuai dengan SOP yang berlaku (RFQ, Feasibility Study, Quotation, dan LOI) ', '1. SOP Penanganan New Project\n2. Dokumentasi monitoring project\n2. Dokumen new project', 'Yes', 'HVE', '0', 'MKT01', 'Bank tidak akurat', 'd', 'Ya', '0', 0, 0, '0', '4', 'SIN', 'yes'),
(91, 'Horizontal Review BAAN FSCM', '1', 'MKT.1.1', 'Marketing', 'Order Handling', 'New Project', 'HVE Test', 'a. Keterbatasan data dan informasi \nb. FS tidak akurat \nc. Request dari customer tidak detail\nd. Dokumentasi project tidak lengkap', 'Project batal\n', 'Inefisiensi cost\nCustomer Image\nDispute', 'test', 0, 'test', 'test', 'Minor', 'Major', 'Possible', 'High', 'test', 'test', 1, 'test', 'Moderate', 'Moderate', 'Moderate', 'Unlikely', 'Medium', 'test', '2019-01-30', 'test', 'Moderate', 'Possible', 'High', 'Minor', 'Possible', 'test', 'Memastikan penanganan new project dilakukan dengan tepat', '1. Review kecukupan SOP penanganan new project\n2. Request data new project selama 1 tahun terakhir ke engineering/PPIC serta status masing-masing project. \n3. Review dokumentasi monitoring project (status, checklist dokumen, dan timeline)\n4. Sampling project yang akan diverifikasi\n5. Sampling dokumen kelengkapan new project tersebut sesuai dengan SOP yang berlaku (RFQ, Feasibility Study, Quotation, dan LOI) ', '1. SOP Penanganan New Project\n2. Dokumentasi monitoring project\n2. Dokumen new project', 'Yes', 'HVE', '0', 'MKT01', 'Bank tidak akurat', 'd', 'Ya', '0', 0, 0, '0', '4', 'SIN', 'yes'),
(91, 'Horizontal Review BAAN FSCM', '1', 'MKT.1.1', 'Marketing', 'Order Handling', 'New Project', 'HVE Test 1', 'a. Keterbatasan data dan informasi \nb. FS tidak akurat \nc. Request dari customer tidak detail\nd. Dokumentasi project tidak lengkap', 'Project batal\n', 'Inefisiensi cost\nCustomer Image\nDispute', 'test', 0, 'test', 'test', 'Minor', 'Major', 'Possible', 'High', 'test', 'test', 1, 'test', 'Moderate', 'Moderate', 'Moderate', 'Unlikely', 'Medium', 'test', '2019-01-30', 'test', 'Moderate', 'Possible', 'High', 'Minor', 'Possible', 'test', 'Memastikan penanganan new project dilakukan dengan tepat', '1. Review kecukupan SOP penanganan new project\n2. Request data new project selama 1 tahun terakhir ke engineering/PPIC serta status masing-masing project. \n3. Review dokumentasi monitoring project (status, checklist dokumen, dan timeline)\n4. Sampling project yang akan diverifikasi\n5. Sampling dokumen kelengkapan new project tersebut sesuai dengan SOP yang berlaku (RFQ, Feasibility Study, Quotation, dan LOI) ', '1. SOP Penanganan New Project\n2. Dokumentasi monitoring project\n2. Dokumen new project', 'Yes', 'HVE', '0', 'MKT01', 'Bank tidak akurat', 'd', 'Ya', '0', 0, 0, '0', '4', 'SIN', 'yes'),
(91, 'Horizontal Review BAAN FSCM', '1', 'MKT.1.1', 'Marketing', 'Order Handling', 'New Project', 'HVE Test 1', 'a. Keterbatasan data dan informasi \nb. FS tidak akurat \nc. Request dari customer tidak detail\nd. Dokumentasi project tidak lengkap', 'Project batal\n', 'Inefisiensi cost\nCustomer Image\nDispute', 'test', 0, 'test', 'test', 'Minor', 'Major', 'Possible', 'High', 'test', 'test', 1, 'test', 'Moderate', 'Moderate', 'Moderate', 'Unlikely', 'Medium', 'test', '2019-01-30', 'test', 'Moderate', 'Possible', 'High', 'Minor', 'Possible', 'test', 'Memastikan penanganan new project dilakukan dengan tepat', '1. Review kecukupan SOP penanganan new project\n2. Request data new project selama 1 tahun terakhir ke engineering/PPIC serta status masing-masing project. \n3. Review dokumentasi monitoring project (status, checklist dokumen, dan timeline)\n4. Sampling project yang akan diverifikasi\n5. Sampling dokumen kelengkapan new project tersebut sesuai dengan SOP yang berlaku (RFQ, Feasibility Study, Quotation, dan LOI) ', '1. SOP Penanganan New Project\n2. Dokumentasi monitoring project\n2. Dokumen new project', 'Yes', 'HVE', '0', 'MKT01', 'Bank tidak akurat', 'd', 'Ya', '0', 0, 0, '0', '4', 'SIN', 'yes'),
(91, 'Horizontal Review BAAN FSCM', '1', 'MKT.1.1', 'Marketing', 'Order Handling', 'New Project', 'HVE Test 1', 'a. Keterbatasan data dan informasi \nb. FS tidak akurat \nc. Request dari customer tidak detail\nd. Dokumentasi project tidak lengkap', 'Project batal\n', 'Inefisiensi cost\nCustomer Image\nDispute', 'test', 0, 'test', 'test', 'Minor', 'Major', 'Possible', 'High', 'test', 'test', 1, 'test', 'Moderate', 'Moderate', 'Moderate', 'Unlikely', 'Medium', 'test', '2019-01-30', 'test', 'Moderate', 'Possible', 'High', 'Minor', 'Possible', 'test', 'Memastikan penanganan new project dilakukan dengan tepat', '1. Review kecukupan SOP penanganan new project\n2. Request data new project selama 1 tahun terakhir ke engineering/PPIC serta status masing-masing project. \n3. Review dokumentasi monitoring project (status, checklist dokumen, dan timeline)\n4. Sampling project yang akan diverifikasi\n5. Sampling dokumen kelengkapan new project tersebut sesuai dengan SOP yang berlaku (RFQ, Feasibility Study, Quotation, dan LOI) ', '1. SOP Penanganan New Project\n2. Dokumentasi monitoring project\n2. Dokumen new project', 'Yes', 'HVE', '0', 'MKT01', 'Bank tidak akurat', 'd', 'Ya', '0', 0, 0, '0', '4', 'SIN', 'yes'),
(91, 'Horizontal Review BAAN FSCM', '1', 'MKT.1.1', 'Marketing', 'Order Handling', 'New Project', 'HVE Test 1', 'a. Keterbatasan data dan informasi \nb. FS tidak akurat \nc. Request dari customer tidak detail\nd. Dokumentasi project tidak lengkap', 'Project batal\n', 'Inefisiensi cost\nCustomer Image\nDispute', 'test', 0, 'test', 'test', 'Minor', 'Major', 'Possible', 'High', 'test', 'test', 1, 'test', 'Moderate', 'Moderate', 'Moderate', 'Unlikely', 'Medium', 'test', '2019-01-30', 'test', 'Moderate', 'Possible', 'High', 'Minor', 'Possible', 'test', 'Memastikan penanganan new project dilakukan dengan tepat', '1. Review kecukupan SOP penanganan new project\n2. Request data new project selama 1 tahun terakhir ke engineering/PPIC serta status masing-masing project. \n3. Review dokumentasi monitoring project (status, checklist dokumen, dan timeline)\n4. Sampling project yang akan diverifikasi\n5. Sampling dokumen kelengkapan new project tersebut sesuai dengan SOP yang berlaku (RFQ, Feasibility Study, Quotation, dan LOI) ', '1. SOP Penanganan New Project\n2. Dokumentasi monitoring project\n2. Dokumen new project', 'Yes', 'HVE', '0', 'MKT01', 'Bank tidak akurat', 'd', 'Ya', '0', 0, 0, '0', '4', 'SIN', 'yes'),
(91, 'Horizontal Review BAAN FSCM', '1', 'MKT.1.1', 'Marketing', 'Order Handling', 'New Project', 'HVE Test 1', 'a. Keterbatasan data dan informasi \nb. FS tidak akurat \nc. Request dari customer tidak detail\nd. Dokumentasi project tidak lengkap', 'Project batal\n', 'Inefisiensi cost\nCustomer Image\nDispute', 'test', 0, 'test', 'test', 'Minor', 'Major', 'Possible', 'High', 'test', 'test', 1, 'test', 'Moderate', 'Moderate', 'Moderate', 'Unlikely', 'Medium', 'test', '2019-01-30', 'test', 'Moderate', 'Possible', 'High', 'Minor', 'Possible', 'test', 'Memastikan penanganan new project dilakukan dengan tepat', '1. Review kecukupan SOP penanganan new project\n2. Request data new project selama 1 tahun terakhir ke engineering/PPIC serta status masing-masing project. \n3. Review dokumentasi monitoring project (status, checklist dokumen, dan timeline)\n4. Sampling project yang akan diverifikasi\n5. Sampling dokumen kelengkapan new project tersebut sesuai dengan SOP yang berlaku (RFQ, Feasibility Study, Quotation, dan LOI) ', '1. SOP Penanganan New Project\n2. Dokumentasi monitoring project\n2. Dokumen new project', 'Yes', 'HVE', '0', 'MKT01', 'Bank tidak akurat', 'd', 'Ya', '0', 0, 0, '0', '4', 'SIN', 'yes'),
(91, 'Horizontal Review BAAN FSCM', '1', 'MKT.1.1', 'Marketing', 'Order Handling', 'New Project', 'HVE Test 1', 'a. Keterbatasan data dan informasi \nb. FS tidak akurat \nc. Request dari customer tidak detail\nd. Dokumentasi project tidak lengkap', 'Project batal\n', 'Inefisiensi cost\nCustomer Image\nDispute', 'test', 0, 'test', 'test', 'Minor', 'Major', 'Possible', 'High', 'test', 'test', 1, 'test', 'Moderate', 'Moderate', 'Moderate', 'Unlikely', 'Medium', 'test', '2019-01-30', 'test', 'Moderate', 'Possible', 'High', 'Minor', 'Possible', 'test', 'Memastikan penanganan new project dilakukan dengan tepat', '1. Review kecukupan SOP penanganan new project\n2. Request data new project selama 1 tahun terakhir ke engineering/PPIC serta status masing-masing project. \n3. Review dokumentasi monitoring project (status, checklist dokumen, dan timeline)\n4. Sampling project yang akan diverifikasi\n5. Sampling dokumen kelengkapan new project tersebut sesuai dengan SOP yang berlaku (RFQ, Feasibility Study, Quotation, dan LOI) ', '1. SOP Penanganan New Project\n2. Dokumentasi monitoring project\n2. Dokumen new project', 'Yes', 'HVE', '0', 'MKT01', 'Bank tidak akurat', 'd', 'Ya', '0', 0, 0, '0', '4', 'SIN', 'yes'),
(91, 'Horizontal Review BAAN FSCM', '1', 'MKT.1.1', 'Marketing', 'Order Handling', 'New Project', 'HVE Test 1', 'a. Keterbatasan data dan informasi \nb. FS tidak akurat \nc. Request dari customer tidak detail\nd. Dokumentasi project tidak lengkap', 'Project batal\n', 'Inefisiensi cost\nCustomer Image\nDispute', 'test', 0, 'test', 'test', 'Minor', 'Major', 'Possible', 'High', 'test', 'test', 1, 'test', 'Moderate', 'Moderate', 'Moderate', 'Unlikely', 'Medium', 'test', '2019-01-30', 'test', 'Moderate', 'Possible', 'High', 'Minor', 'Possible', 'test', 'Memastikan penanganan new project dilakukan dengan tepat', '1. Review kecukupan SOP penanganan new project\n2. Request data new project selama 1 tahun terakhir ke engineering/PPIC serta status masing-masing project. \n3. Review dokumentasi monitoring project (status, checklist dokumen, dan timeline)\n4. Sampling project yang akan diverifikasi\n5. Sampling dokumen kelengkapan new project tersebut sesuai dengan SOP yang berlaku (RFQ, Feasibility Study, Quotation, dan LOI) ', '1. SOP Penanganan New Project\n2. Dokumentasi monitoring project\n2. Dokumen new project', 'Yes', 'HVE', '0', 'MKT01', 'Bank tidak akurat', 'd', 'Ya', '0', 0, 0, '0', '4', 'SIN', 'yes'),
(91, 'Horizontal Review BAAN FSCM', '1', 'MKT.1.1', 'Marketing', 'Order Handling', 'New Project', 'HVE Test 1', 'a. Keterbatasan data dan informasi \nb. FS tidak akurat \nc. Request dari customer tidak detail\nd. Dokumentasi project tidak lengkap', 'Project batal\n', 'Inefisiensi cost\nCustomer Image\nDispute', 'test', 0, 'test', 'test', 'Minor', 'Major', 'Possible', 'High', 'test', 'test', 1, 'test', 'Moderate', 'Moderate', 'Moderate', 'Unlikely', 'Medium', 'test', '2019-01-30', 'test', 'Moderate', 'Possible', 'High', 'Minor', 'Possible', 'test', 'Memastikan penanganan new project dilakukan dengan tepat', '1. Review kecukupan SOP penanganan new project\n2. Request data new project selama 1 tahun terakhir ke engineering/PPIC serta status masing-masing project. \n3. Review dokumentasi monitoring project (status, checklist dokumen, dan timeline)\n4. Sampling project yang akan diverifikasi\n5. Sampling dokumen kelengkapan new project tersebut sesuai dengan SOP yang berlaku (RFQ, Feasibility Study, Quotation, dan LOI) ', '1. SOP Penanganan New Project\n2. Dokumentasi monitoring project\n2. Dokumen new project', 'Yes', 'HVE', '0', 'MKT01', 'Bank tidak akurat', 'd', 'Ya', '0', 0, 0, '0', '4', 'SIN', 'yes'),
(91, 'Horizontal Review BAAN FSCM', '1', 'MKT.1.1', 'Marketing', 'Order Handling', 'New Project', 'HVE Test 1', 'a. Keterbatasan data dan informasi \nb. FS tidak akurat \nc. Request dari customer tidak detail\nd. Dokumentasi project tidak lengkap', 'Project batal\n', 'Inefisiensi cost\nCustomer Image\nDispute', 'test', 0, 'test', 'test', 'Minor', 'Major', 'Possible', 'High', 'test', 'test', 1, 'test', 'Moderate', 'Moderate', 'Moderate', 'Unlikely', 'Medium', 'test', '2019-01-30', 'test', 'Moderate', 'Possible', 'High', 'Minor', 'Possible', 'test', 'Memastikan penanganan new project dilakukan dengan tepat', '1. Review kecukupan SOP penanganan new project\n2. Request data new project selama 1 tahun terakhir ke engineering/PPIC serta status masing-masing project. \n3. Review dokumentasi monitoring project (status, checklist dokumen, dan timeline)\n4. Sampling project yang akan diverifikasi\n5. Sampling dokumen kelengkapan new project tersebut sesuai dengan SOP yang berlaku (RFQ, Feasibility Study, Quotation, dan LOI) ', '1. SOP Penanganan New Project\n2. Dokumentasi monitoring project\n2. Dokumen new project', 'Yes', 'HVE', '0', 'MKT01', 'Bank tidak akurat', 'd', 'Ya', '0', 0, 0, '0', '4', 'SIN', 'yes'),
(91, 'Horizontal Review BAAN FSCM', '1', 'MKT.1.1', 'Marketing', 'Order Handling', 'New Project', 'HVE Test 1', 'a. Keterbatasan data dan informasi \nb. FS tidak akurat \nc. Request dari customer tidak detail\nd. Dokumentasi project tidak lengkap', 'Project batal\n', 'Inefisiensi cost\nCustomer Image\nDispute', 'test', 0, 'test', 'test', 'Minor', 'Major', 'Possible', 'High', 'test', 'test', 1, 'test', 'Moderate', 'Moderate', 'Moderate', 'Unlikely', 'Medium', 'test', '2019-01-30', 'test', 'Moderate', 'Possible', 'High', 'Minor', 'Possible', 'test', 'Memastikan penanganan new project dilakukan dengan tepat', '1. Review kecukupan SOP penanganan new project\n2. Request data new project selama 1 tahun terakhir ke engineering/PPIC serta status masing-masing project. \n3. Review dokumentasi monitoring project (status, checklist dokumen, dan timeline)\n4. Sampling project yang akan diverifikasi\n5. Sampling dokumen kelengkapan new project tersebut sesuai dengan SOP yang berlaku (RFQ, Feasibility Study, Quotation, dan LOI) ', '1. SOP Penanganan New Project\n2. Dokumentasi monitoring project\n2. Dokumen new project', 'Yes', 'HVE', '0', 'MKT01', 'Bank tidak akurat', 'd', 'Ya', '0', 0, 0, '0', '4', 'SIN', 'yes');

-- --------------------------------------------------------

--
-- Table structure for table `WP_SOSD`
--

CREATE TABLE `WP_SOSD` (
  `id` int(11) UNSIGNED NOT NULL,
  `idProject` int(11) DEFAULT NULL,
  `WP_No` decimal(18,0) DEFAULT NULL,
  `WP_RRCode` text DEFAULT NULL,
  `WP_Isu` text DEFAULT NULL,
  `WP_Kondisi` text DEFAULT NULL,
  `WP_Implikasi` text DEFAULT NULL,
  `WP_PotentialLossAmount` float DEFAULT NULL,
  `WP_RekomendasiRespon` text DEFAULT NULL,
  `WP_RekomendasiPIC` text DEFAULT NULL,
  `WP_RekomendasiWaktu` date DEFAULT NULL
) ENGINE=MyISAM DEFAULT CHARSET=latin1;

--
-- Indexes for dumped tables
--

--
-- Indexes for table `audit_grading`
--
ALTER TABLE `audit_grading`
  ADD PRIMARY KEY (`idaudit_grading`);

--
-- Indexes for table `departemen`
--
ALTER TABLE `departemen`
  ADD PRIMARY KEY (`iddepartemen`);

--
-- Indexes for table `group_civitas`
--
ALTER TABLE `group_civitas`
  ADD PRIMARY KEY (`idgroup_civitas`);

--
-- Indexes for table `jabatan`
--
ALTER TABLE `jabatan`
  ADD PRIMARY KEY (`idjabatan`);

--
-- Indexes for table `master_activity`
--
ALTER TABLE `master_activity`
  ADD PRIMARY KEY (`idactivity`);

--
-- Indexes for table `master_civitas`
--
ALTER TABLE `master_civitas`
  ADD PRIMARY KEY (`idcivitas`,`group_civitas_idgroup_civitas`),
  ADD KEY `fk_master_civitas_jenis_civitas1_idx` (`group_civitas_idgroup_civitas`);

--
-- Indexes for table `master_karyawan`
--
ALTER TABLE `master_karyawan`
  ADD PRIMARY KEY (`idkaryawan`,`departemen_iddepartemen`,`jabatan_idjabatan`,`status_karyawan_idstatus_karyawan`),
  ADD KEY `fk_karyawan_unit1_idx` (`departemen_iddepartemen`),
  ADD KEY `fk_karyawan_jabatan1_idx` (`jabatan_idjabatan`),
  ADD KEY `fk_master_karyawan_status_karyawan1_idx` (`status_karyawan_idstatus_karyawan`);

--
-- Indexes for table `master_scope`
--
ALTER TABLE `master_scope`
  ADD PRIMARY KEY (`idscope`);

--
-- Indexes for table `master_status`
--
ALTER TABLE `master_status`
  ADD PRIMARY KEY (`idstatus`);

--
-- Indexes for table `master_task`
--
ALTER TABLE `master_task`
  ADD PRIMARY KEY (`idtask`,`roottask_idroottask`),
  ADD KEY `fk_master_task_roottask1_idx` (`roottask_idroottask`);

--
-- Indexes for table `project`
--
ALTER TABLE `project`
  ADD PRIMARY KEY (`idproject`,`civitas_idcivitas`,`master_activity_idactivity`,`status_idstatus`),
  ADD KEY `fk_activity_civitas1_idx` (`civitas_idcivitas`),
  ADD KEY `fk_activity_status1_idx` (`status_idstatus`),
  ADD KEY `fk_project_master_activity1_idx` (`master_activity_idactivity`),
  ADD KEY `fk_project_risk_value1_idx` (`risk_factore_idrisk_factore`),
  ADD KEY `fk_project_audit_grading1_idx` (`audit_grading_idaudit_grading`);

--
-- Indexes for table `project_has_master_karyawan`
--
ALTER TABLE `project_has_master_karyawan`
  ADD PRIMARY KEY (`project_idproject`,`master_karyawan_idkaryawan`),
  ADD KEY `fk_project_has_master_karyawan_master_karyawan1_idx` (`master_karyawan_idkaryawan`),
  ADD KEY `fk_project_has_master_karyawan_project1_idx` (`project_idproject`),
  ADD KEY `fk_project_has_master_karyawan_responsibility1_idx` (`responsibility_idresponsibility`);

--
-- Indexes for table `project_has_master_scope`
--
ALTER TABLE `project_has_master_scope`
  ADD PRIMARY KEY (`project_idproject`,`master_scope_idscope`),
  ADD KEY `fk_project_has_master_scope_master_scope1_idx` (`master_scope_idscope`),
  ADD KEY `fk_project_has_master_scope_project1_idx` (`project_idproject`);

--
-- Indexes for table `project_has_master_task`
--
ALTER TABLE `project_has_master_task`
  ADD PRIMARY KEY (`project_idproject`,`master_task_idtask`),
  ADD KEY `fk_project_has_master_task_master_task1_idx` (`master_task_idtask`),
  ADD KEY `fk_project_has_master_task_project1_idx` (`project_idproject`);

--
-- Indexes for table `responsibility`
--
ALTER TABLE `responsibility`
  ADD PRIMARY KEY (`idresponsibility`);

--
-- Indexes for table `risk_factore`
--
ALTER TABLE `risk_factore`
  ADD PRIMARY KEY (`idrisk_value`);

--
-- Indexes for table `roottask`
--
ALTER TABLE `roottask`
  ADD PRIMARY KEY (`idroottask`);

--
-- Indexes for table `status_karyawan`
--
ALTER TABLE `status_karyawan`
  ADD PRIMARY KEY (`idstatus_karyawan`);

--
-- Indexes for table `Table_RR_WP_Manufacture`
--
ALTER TABLE `Table_RR_WP_Manufacture`
  ADD PRIMARY KEY (`WP_No`),
  ADD KEY `fk_Table_RR_WP_Manufacture_COPY_project1` (`project_idproject`);

--
-- Indexes for table `userlevel`
--
ALTER TABLE `userlevel`
  ADD PRIMARY KEY (`iduserlevel`);

--
-- Indexes for table `userlogin`
--
ALTER TABLE `userlogin`
  ADD PRIMARY KEY (`iduserlogin`,`master_karyawan_idkaryawan`,`userlevel_iduserlevel`),
  ADD KEY `fk_userlogin_master_karyawan1_idx` (`master_karyawan_idkaryawan`),
  ADD KEY `fk_userlogin_userlevel1_idx` (`userlevel_iduserlevel`);

--
-- Indexes for table `WP_SOSD`
--
ALTER TABLE `WP_SOSD`
  ADD PRIMARY KEY (`id`);

--
-- AUTO_INCREMENT for dumped tables
--

--
-- AUTO_INCREMENT for table `audit_grading`
--
ALTER TABLE `audit_grading`
  MODIFY `idaudit_grading` int(11) NOT NULL AUTO_INCREMENT, AUTO_INCREMENT=7;

--
-- AUTO_INCREMENT for table `departemen`
--
ALTER TABLE `departemen`
  MODIFY `iddepartemen` int(11) NOT NULL AUTO_INCREMENT, AUTO_INCREMENT=7;

--
-- AUTO_INCREMENT for table `group_civitas`
--
ALTER TABLE `group_civitas`
  MODIFY `idgroup_civitas` int(11) NOT NULL AUTO_INCREMENT, AUTO_INCREMENT=4;

--
-- AUTO_INCREMENT for table `jabatan`
--
ALTER TABLE `jabatan`
  MODIFY `idjabatan` int(11) NOT NULL AUTO_INCREMENT, AUTO_INCREMENT=5;

--
-- AUTO_INCREMENT for table `master_activity`
--
ALTER TABLE `master_activity`
  MODIFY `idactivity` tinyint(4) NOT NULL AUTO_INCREMENT, AUTO_INCREMENT=5;

--
-- AUTO_INCREMENT for table `master_civitas`
--
ALTER TABLE `master_civitas`
  MODIFY `idcivitas` int(11) NOT NULL AUTO_INCREMENT, AUTO_INCREMENT=381;

--
-- AUTO_INCREMENT for table `master_karyawan`
--
ALTER TABLE `master_karyawan`
  MODIFY `idkaryawan` int(11) NOT NULL AUTO_INCREMENT, AUTO_INCREMENT=25;

--
-- AUTO_INCREMENT for table `master_scope`
--
ALTER TABLE `master_scope`
  MODIFY `idscope` int(11) NOT NULL AUTO_INCREMENT, AUTO_INCREMENT=16;

--
-- AUTO_INCREMENT for table `master_status`
--
ALTER TABLE `master_status`
  MODIFY `idstatus` int(11) NOT NULL AUTO_INCREMENT, AUTO_INCREMENT=6;

--
-- AUTO_INCREMENT for table `master_task`
--
ALTER TABLE `master_task`
  MODIFY `idtask` int(11) NOT NULL AUTO_INCREMENT, AUTO_INCREMENT=16;

--
-- AUTO_INCREMENT for table `project`
--
ALTER TABLE `project`
  MODIFY `idproject` int(11) NOT NULL AUTO_INCREMENT, AUTO_INCREMENT=159;

--
-- AUTO_INCREMENT for table `responsibility`
--
ALTER TABLE `responsibility`
  MODIFY `idresponsibility` int(11) NOT NULL AUTO_INCREMENT, AUTO_INCREMENT=4;

--
-- AUTO_INCREMENT for table `risk_factore`
--
ALTER TABLE `risk_factore`
  MODIFY `idrisk_value` int(11) NOT NULL AUTO_INCREMENT, AUTO_INCREMENT=6;

--
-- AUTO_INCREMENT for table `roottask`
--
ALTER TABLE `roottask`
  MODIFY `idroottask` int(11) NOT NULL AUTO_INCREMENT, AUTO_INCREMENT=5;

--
-- AUTO_INCREMENT for table `status_karyawan`
--
ALTER TABLE `status_karyawan`
  MODIFY `idstatus_karyawan` int(11) NOT NULL AUTO_INCREMENT, AUTO_INCREMENT=3;

--
-- AUTO_INCREMENT for table `userlevel`
--
ALTER TABLE `userlevel`
  MODIFY `iduserlevel` int(11) NOT NULL AUTO_INCREMENT, AUTO_INCREMENT=5;

--
-- AUTO_INCREMENT for table `userlogin`
--
ALTER TABLE `userlogin`
  MODIFY `iduserlogin` int(11) NOT NULL AUTO_INCREMENT, AUTO_INCREMENT=2;

--
-- AUTO_INCREMENT for table `WP_SOSD`
--
ALTER TABLE `WP_SOSD`
  MODIFY `id` int(11) UNSIGNED NOT NULL AUTO_INCREMENT;

--
-- Constraints for dumped tables
--

--
-- Constraints for table `master_civitas`
--
ALTER TABLE `master_civitas`
  ADD CONSTRAINT `fk_master_civitas_jenis_civitas1` FOREIGN KEY (`group_civitas_idgroup_civitas`) REFERENCES `group_civitas` (`idgroup_civitas`) ON DELETE NO ACTION ON UPDATE NO ACTION;

--
-- Constraints for table `master_karyawan`
--
ALTER TABLE `master_karyawan`
  ADD CONSTRAINT `fk_karyawan_jabatan1` FOREIGN KEY (`jabatan_idjabatan`) REFERENCES `jabatan` (`idjabatan`) ON DELETE NO ACTION ON UPDATE NO ACTION,
  ADD CONSTRAINT `fk_karyawan_unit1` FOREIGN KEY (`departemen_iddepartemen`) REFERENCES `departemen` (`iddepartemen`) ON DELETE NO ACTION ON UPDATE NO ACTION,
  ADD CONSTRAINT `fk_master_karyawan_status_karyawan1` FOREIGN KEY (`status_karyawan_idstatus_karyawan`) REFERENCES `status_karyawan` (`idstatus_karyawan`) ON DELETE NO ACTION ON UPDATE NO ACTION;

--
-- Constraints for table `master_task`
--
ALTER TABLE `master_task`
  ADD CONSTRAINT `fk_master_task_roottask1` FOREIGN KEY (`roottask_idroottask`) REFERENCES `roottask` (`idroottask`) ON DELETE NO ACTION ON UPDATE NO ACTION;

--
-- Constraints for table `project`
--
ALTER TABLE `project`
  ADD CONSTRAINT `fk_activity_civitas1` FOREIGN KEY (`civitas_idcivitas`) REFERENCES `master_civitas` (`idcivitas`) ON DELETE NO ACTION ON UPDATE NO ACTION,
  ADD CONSTRAINT `fk_activity_status1` FOREIGN KEY (`status_idstatus`) REFERENCES `master_status` (`idstatus`) ON DELETE NO ACTION ON UPDATE NO ACTION,
  ADD CONSTRAINT `fk_project_audit_grading1` FOREIGN KEY (`audit_grading_idaudit_grading`) REFERENCES `audit_grading` (`idaudit_grading`) ON DELETE NO ACTION ON UPDATE NO ACTION,
  ADD CONSTRAINT `fk_project_master_activity1` FOREIGN KEY (`master_activity_idactivity`) REFERENCES `master_activity` (`idactivity`) ON DELETE NO ACTION ON UPDATE NO ACTION,
  ADD CONSTRAINT `fk_project_risk_value1` FOREIGN KEY (`risk_factore_idrisk_factore`) REFERENCES `risk_factore` (`idrisk_value`) ON DELETE NO ACTION ON UPDATE NO ACTION;

--
-- Constraints for table `project_has_master_karyawan`
--
ALTER TABLE `project_has_master_karyawan`
  ADD CONSTRAINT `fk_project_has_master_karyawan_master_karyawan1` FOREIGN KEY (`master_karyawan_idkaryawan`) REFERENCES `master_karyawan` (`idkaryawan`) ON DELETE NO ACTION ON UPDATE NO ACTION,
  ADD CONSTRAINT `fk_project_has_master_karyawan_project1` FOREIGN KEY (`project_idproject`) REFERENCES `project` (`idproject`) ON DELETE NO ACTION ON UPDATE NO ACTION,
  ADD CONSTRAINT `fk_project_has_master_karyawan_responsibility1` FOREIGN KEY (`responsibility_idresponsibility`) REFERENCES `responsibility` (`idresponsibility`) ON DELETE NO ACTION ON UPDATE NO ACTION;

--
-- Constraints for table `project_has_master_scope`
--
ALTER TABLE `project_has_master_scope`
  ADD CONSTRAINT `fk_project_has_master_scope_master_scope1` FOREIGN KEY (`master_scope_idscope`) REFERENCES `master_scope` (`idscope`) ON DELETE NO ACTION ON UPDATE NO ACTION,
  ADD CONSTRAINT `fk_project_has_master_scope_project1` FOREIGN KEY (`project_idproject`) REFERENCES `project` (`idproject`) ON DELETE NO ACTION ON UPDATE NO ACTION;

--
-- Constraints for table `project_has_master_task`
--
ALTER TABLE `project_has_master_task`
  ADD CONSTRAINT `fk_project_has_master_task_master_task1` FOREIGN KEY (`master_task_idtask`) REFERENCES `master_task` (`idtask`) ON DELETE NO ACTION ON UPDATE NO ACTION,
  ADD CONSTRAINT `fk_project_has_master_task_project1` FOREIGN KEY (`project_idproject`) REFERENCES `project` (`idproject`) ON DELETE NO ACTION ON UPDATE NO ACTION;
COMMIT;

/*!40101 SET CHARACTER_SET_CLIENT=@OLD_CHARACTER_SET_CLIENT */;
/*!40101 SET CHARACTER_SET_RESULTS=@OLD_CHARACTER_SET_RESULTS */;
/*!40101 SET COLLATION_CONNECTION=@OLD_COLLATION_CONNECTION */;
